Name;Price;Sale Price;Image;Category
AMORINO, PINK;67.90;46.90;http://s14.postimg.org/t52n511j5/AMORINO_PINK_67_90_46_90.jpg;Fun
B BALLS, BLACK;29.90;;http://s14.postimg.org/cdc9p5uyp/B_BALLS_BLACK_29_90.jpg;Fun
BENDYBEADS, BLACK;21.90;;http://s14.postimg.org/6qfwrosg1/BENDYBEADS_BLACK_21_90.jpg;Fun
BENDYBEADS, VIOLET;21.90;;http://s14.postimg.org/urmst579d/BENDYBEADS_VIOLET_21_90.jpg;Fun
BOOSTY, BLACK;24.90;;http://s14.postimg.org/jw0guwsn5/BOOSTY_BLACK_24_90.jpg;Fun
BOOTIE, BLACK;19.90;;http://s14.postimg.org/5bje02xoh/BOOTIE_BLACK_19_90.jpg;Fun
BOOTIE, VIOLET;19.90;;http://s14.postimg.org/tj3z4mlmp/BOOTIE_VIOLET_19_90.jpg;Fun
CLICK 'N' CHARGE DELIGHT, BABY ROSE/ROSE;89.90;;http://s14.postimg.org/e2qeucgzl/CLICK_N_CHARGE_DELIGHT_BABY_ROSE_ROSE_89_90.jpg;Fun
COBRA LIBRE II + RAIN PENISRING;122;109;http://s14.postimg.org/5uoh9cp35/COBRA_LIBRE_II_RAIN_PENISRING_122_109.jpg;Fun
DELIGHT, BLACKBERRY & BLACK;89.90;;http://s14.postimg.org/jff98h4w1/DELIGHT_BLACKBERRY_BLACK_89_90.jpg;Fun
DUKE, BLACK;59.90;;http://s14.postimg.org/fgi1png8x/DUKE_BLACK_59_90.jpg;Fun
FLASH, RED;39.90;;http://s14.postimg.org/hv9xa2wht/FLASH_RED_39_90.jpg;Fun
FLEXI FELIX, BLACK;21.90;;http://s14.postimg.org/p8twms5xd/FLEXI_FELIX_BLACK_21_90.png;Fun
FLEXI FELIX, PINK;21.90;;http://s14.postimg.org/pa3ug77r5/FLEXI_FELIX_PINK_21_90.png;Fun
FLORA, INDIA RED;54.90;;http://s14.postimg.org/c0pxg3j0h/FLORA_INDIA_RED_54_90.jpg;Fun
FUN FACTORY CAVALIER;29.90;;http://s14.postimg.org/aabhscqv5/FUN_FACTORY_CAVALIER_29_90.jpg;Fun
FUN FACTORY CLICK N CHARGE;4.90;;http://s14.postimg.org/8712kor29/FUN_FACTORY_CLICK_N_CHARGE_4_90.jpg;Fun
FUN FACTORY COBRA LIBRE II;109;;http://s14.postimg.org/h5vqbglc1/FUN_FACTORY_COBRA_LIBRE_II_109.jpg;Fun
FUN FACTORY ELLOVE;57.0;;http://s14.postimg.org/y8yi6z20x/FUN_FACTORY_ELLOVE_57_90.jpg;Fun
FUN FACTORY JAM SMARTVIBE;19.90;;http://s14.postimg.org/jbq15yosh/FUN_FACTORY_JAM_SMARTVIBE_19_90.jpg;Fun
FUN FACTORY LOVERING 8IGHT;21.90;;http://s14.postimg.org/tocbs1ibl/FUN_FACTORY_LOVERING_8_IGHT_21_90.jpg;Fun
FUN FACTORY NEW WAVE DILDO;79.90;;http://s14.postimg.org/5ymw3cjy9/FUN_FACTORY_NEW_WAVE_DILDO_79_90.jpg;Fun
FUN FACTORY SHAREVIBE;99.90;;http://s14.postimg.org/j0d66xxq9/FUNFACTORY_PASSIONATE_SHADOWS_BOX_89_90.png;Fun
FUN FACTORY TIGER STUB DILDO;49.90;;http://s14.postimg.org/483v1v2f5/FUN_FACTORY_SHAREVIBE_99_90.jpg;Fun
FUN FACTORY TOYFLUID 100ML;12.50;;http://s14.postimg.org/dhampq0ox/FUN_FACTORY_TIGER_STUB_DILDO_49_90.jpg;Fun
FUNFACTORY PASSIONATE SHADOWS BOX;89.90;;http://s14.postimg.org/c62vh9535/FUN_FACTORY_TOYFLUID_100_ML_12_50.png;Fun
G4 CLICK 'N' CHARGE BIG BOSS, BLACK;75;;http://s14.postimg.org/cgae0ljpd/G4_CLICK_N_CHARGE_BIG_BOSS_BLACK_75.jpg;Fun
G4 CLICK 'N' CHARGE BIG BOSS, ORANGE;74.90;;http://s14.postimg.org/yti4nekn5/G4_CLICK_N_CHARGE_BIG_BOSS_ORANGE_74_90.jpg;Fun
G4 CLICK 'N' CHARGE ELEGANCE, BLACKBERRY;74.90;;http://s14.postimg.org/m4nu3qeip/G4_CLICK_N_CHARGE_ELEGANCE_BLACKBERRY_74_90.jpg;Fun
G4 CLICK 'N' CHARGE PAUL & PAULINA, CANDY ROSE;79.90;;http://s14.postimg.org/5i69unlkx/G4_CLICK_N_CHARGE_PAUL_PAULINA_CANDY_ROSE_7.jpg;Fun
GALAN, BLUE;41.00;;http://s14.postimg.org/qhmdm5n9d/GALAN_BLUE_41_00.jpg;Fun
GIGOLINO - NEON ORANGE;39.90;;http://s14.postimg.org/a7w7j9cld/GIGOLINO_NEON_ORANGE_39_90.jpg;Fun
LAYASPOT - PINK;45.90;;http://s14.postimg.org/rz7txps01/LAYASPOT_BLACK_SILVER_44_90.jpg;Fun
LAYASPOT, BLACK/SILVER;44.90;;http://s14.postimg.org/cf51kx79d/LAYASPOT_PINK_45_90.jpg;Fun
LITTLE PAUL - MINIVIBE - CANDY ROSE,;35-25;;http://s14.postimg.org/87a9c65tt/LITTLE_PAUL_MINIVIBE_CANDY_ROSE_35_25.png;Fun
MEANY, NEON YELLOW;37.90;;http://s14.postimg.org/jxo6tjym9/MEANY_NEON_YELLOW_37_90.jpg;Fun
MEANY, PURPLE;37.90;;http://s14.postimg.org/m4sfhh3wh/MEANY_PURPLE_37_90.png;Fun
MINIVIBE BABY BUG, FRESH GREEN;29.90;;http://s14.postimg.org/xieysoef5/MINIVIBE_BABY_BUG_FRESH_GREEN_29_90.jpg;Fun
MINIVIBE BABY BUG, WATERMELON;24.95;;http://s14.postimg.org/ksaqfl6gx/MINIVIBE_BABY_BUG_WATERMELON_24_95.jpg;Fun
MINIVIBE CLICK 'N' CHARGE BUBBLES, CANDY ROSE;44.90;;http://s14.postimg.org/77jyggqo1/MINIVIBE_CLICK_N_CHARGE_BUBBLES_CANDY_ROSE_44.jpg;Fun
MINIVIBE CLICK 'N' CHARGE LITTLE PAUL, FRESH GREEN;35;29.90;http://s14.postimg.org/d0u0h12bl/MINIVIBE_CLICK_N_CHARGE_LITTLE_PAUL_FRESH_GRE.jpg;Fun
MINIVIBE LITTLE PAUL, RED, SAVE;32;25;http://s14.postimg.org/pi0o46xhd/MINIVIBE_LITTLE_PAUL_RED_SAVE_10_35_25.jpg;Fun
MINIVIBE SPRING, RED;39.90;;http://s14.postimg.org/glpw096v5/MINIVIBE_SPRING_RED_39_90.jpg;Fun
PATCHY PAUL G3, GREEN;64.90;;http://s14.postimg.org/5rd1c2d4x/PATCHY_PAUL_G3_GREEN_64_90_44_90.jpg;Fun
PATCHY PAUL G3, PINK;64.90;;http://s14.postimg.org/hqojjdipt/PATCHY_PAUL_G3_PINK_64_90_4490.jpg;Fun
PATCHY PAUL« – G4 - RED;74.90;;http://s14.postimg.org/5q33inbb5/PATCHY_PAUL_G4_RED_74_90.jpg;Fun
PATCHY PAUL« – G4 + FREE 50ML LUBRICANT;74.90;;http://s14.postimg.org/t6uyheww1/PATCHY_PAUL_G4_FREE_50_ML_LUBRICANT_74_90.png;Fun
PEARLY, CANDY GREEN;59.90;;http://s14.postimg.org/o9hdwauwx/PEARLY_CANDY_GREEN_59_90.jpg;Fun
PEARLY, GRAPE;59.90;;http://s14.postimg.org/8pa05rksh/PEARLY_GRAPE_59_90.jpg;Fun
PULSATOR STRONIC ZWEI;159;145;http://s14.postimg.org/8dsjt04ch/PULSATOR_STRONIC_ZWEI_159_145.jpg;Fun
RAIN, BLACK;12.90;;http://s14.postimg.org/vtagyco3l/RAIN_BLACK_12_90.jpg;Fun
SEMILINO, BLACK;59.90;;http://s14.postimg.org/v51mfepdt/SEMILINO_BLACK_59_90.jpg;Fun
SEMIREALISTIC G3 VIBRATOR - PURPLE;54.90;;http://s14.postimg.org/it3bfnqwx/SEMIREALISTIC_G3_VIBRATOR_PURPLE_54_90.jpg;Fun
SHARE XL;84.90;;http://s14.postimg.org/48hn736kh/SHARE_XL_84_90.jpg;Fun
SMARTBALLS DUO -PINK & WHITE;24.90;;http://s14.postimg.org/g0a3vmqkh/SMARTBALLS_DUO_PINK_WHITE_24_90.jpg;Fun
SMARTBALLS DUO -RED & BLACK;24.90;;http://s14.postimg.org/nit949hxd/SMARTBALLS_DUO_RED_BLACK_24_90.jpg;Fun
SMARTBALLS DUO -RED & WHITE;24.90;;http://s14.postimg.org/5rhmpt2ip/SMARTBALLS_DUO_RED_WHITE_24_90.jpg;Fun
SMARTBALLS TENEO UNO, GREEN;15.90;;http://s14.postimg.org/4ezxnx535/SMARTBALLS_TENEO_UNO_GREEN_15_90.jpg;Fun
SMARTBALLS UNO - PURPLE & WHITE;19.90;;http://s14.postimg.org/ids1mn4zl/SMARTBALLS_UNO_PURPLE_WHITE_19_90.jpg;Fun
SMARTBALLS UNO - RED & BLACK;19.90;;http://s14.postimg.org/8cn7dbrwh/SMARTBALLS_UNO_RED_BLACK_19_90.jpg;Fun
SMARTBALLS UNO - RED & WHITE;19.90;;http://s14.postimg.org/czt9f3f9d/SMARTBALLS_UNO_RED_WHITE_19_90.jpg;Fun
STRONIC DREI;139;119;http://s14.postimg.org/v3w9zqcxt/STRONIC_DREI_139_119.jpg;Fun
STRONIC EINS, DARK VIOLET;139;119;http://s14.postimg.org/5p2cgpo8x/STRONIC_EINS_DARK_VIOLET_139_119.jpg;Fun
STRONIC EINS, RED;135;119;http://s14.postimg.org/wy94hgzy9/STRONIC_EINS_RED_135_119.png;Fun
STUBS SHARE, BABY ROSE;75;55;http://s14.postimg.org/h2ovrwyrl/STUBS_SHARE_BABY_ROSE_75_55.jpg;Fun
STUBS SHARE, BLACK;75;55;http://s14.postimg.org/d7lhpcflt/STUBS_SHARE_BLACK_75_55.jpg;Fun
STUBS SHARE, VIOLET;75;55;http://s14.postimg.org/sucr2ptdt/STUBS_SHARE_VIOLET_75_52.jpg;Fun
TANGO, INDIA RED;57.90;;http://s14.postimg.org/ws00s4g75/TANGO_INDIA_RED_57_90.jpg;Fun
THE BOSS G3, VIOLET;60;;http://s14.postimg.org/bjmcap1q9/THE_BOSS_BLACK_60.jpg;Fun
THE BOSS, BLACK;60;;http://s14.postimg.org/v5at6w45d/THE_BOSS_VIOLET_60.jpg;Fun
THE BOSS, VIOLET;60;;http://s14.postimg.org/cn6gmnmdd/THE_BOSS_G3_VIOLET_60.jpg;Fun
TIGER, INDIA RED;85;;http://s14.postimg.org/s9xq0105d/TIGER_INDIA_RED_85.jpg;Fun
ANAL ROTATOR - SMOKE;44.90;;http://s9.postimg.org/osdae54yn/ANAL_ROTATOR_SMOKE_44_90.jpg;Hi Tech
BENDIE POWER STUD, BLACK;49.90;;http://s9.postimg.org/52zlffmfz/BENDIE_POWER_STUD_BLACK_49_90.jpg;Hi Tech
BUNNY ON A BUDGET VIBRATOR - PURPLE;36.90;;http://s9.postimg.org/fn9iy0qxr/BUNNY_ON_A_BUDGET_VIBRATOR_PURPLE_36_90.jpg;Hi Tech
BUTTERFLY PEARL VIBRATOR;59.90;;http://s9.postimg.org/4medszyov/BUTTERFLY_PEARL_VIBRATOR_59_90.jpg;Hi Tech
CUTE BABY VIBRAATOR      CUTE BABY VIBRAATOR;37.90;;http://s9.postimg.org/tpquz96xr/CUTE_BABY_VIBRAATOR_CUTE_BABY_VIBRAATOR_37.jpg;Hi Tech
DOUBLE RABBIT VIBE, PINK;54;;http://s9.postimg.org/hgcfmcc4f/DOUBLE_RABBIT_VIBE_PINK_54.jpg;Hi Tech
ECLIPSE ULTRA 7 RABBITRONIC PINK;58.90;;http://s9.postimg.org/smbc11bof/ECLIPSE_7_BEAVER_57_60.jpg;Hi Tech
ECLIPSE-7 BEAVER;57.90;;http://s9.postimg.org/a2x1nds2n/ECLIPSE_ULTRA_7_RABBITRONIC_PINK_58_90.jpg;Hi Tech
ENTINCE ISABELLA RASPBERRY;75.90;;http://s9.postimg.org/gzr7zwodb/ENTINCE_ISABELLA_RASPBERRY_75_90.jpg;Hi Tech
EVOLVED HONEY BUNNY, PINK;36.90;;http://s9.postimg.org/xjowm5dnj/EVOLVED_HONEY_BUNNY_PINK_36_90.jpg;Hi Tech
EVOLVED HONEY BUNNY, PURPLE;36.90;;http://s9.postimg.org/fsda7oy8v/EVOLVED_HONEY_BUNNY_PURPLE_36_90.jpg;Hi Tech
FUNKY RABBIT VIBRATOR;49.90;;http://s9.postimg.org/m9w6r78m7/FUNKY_RABBIT_VIBRATOR_49_90.jpg;Hi Tech
GENE RABBIT SILICONE VIBRATOR;59.90;;http://s9.postimg.org/3x06udnj3/GENE_RABBIT_SILICONE_VIBRATOR_59_90.jpg;Hi Tech
GENTLE RABBIT;20;;http://s9.postimg.org/lqvovo6lb/GENTLE_RABBIT_20.jpg;Hi Tech
GOLD LOVER VIBRAATOR;36.90;;http://s9.postimg.org/4nsx05pwf/GOLD_LOVER_VIBRAATOR_36_90.jpg;Hi Tech
HAPPY ANGEL VIBRAATOR;39.90;;http://s9.postimg.org/x1yck1dgf/HAPPY_ANGEL_VIBRAATOR_39_90.jpg;Hi Tech
HOT LADY VIBRAATOR;36;18;http://s9.postimg.org/6w73hhx0f/HOT_LADY_VIBRAATOR_36_18.jpg;Hi Tech
OVO K1 RABBIT - VIOLET;47.90;;http://s9.postimg.org/yxl4v72an/http_www_hotlips_ee_media_catalog_product_cach.jpg;Hi Tech
ICEBREAKER VIBRATOR;42.90;;http://s9.postimg.org/ucyyg9ilb/ICEBREAKER_VIBRATOR_42_90.jpg;Hi Tech
JACK THE RABBIT PEARL VIBRATOR, BLUE;54.90;;http://s9.postimg.org/5xqqf7jof/JACK_THE_RABBIT_PEARL_VIBRATOR_BLUE_54_90.jpg;Hi Tech
JACK THE RABBIT PEARL VIBRATOR, PURPLE;55;;http://s9.postimg.org/np2ctnz33/JACK_THE_RABBIT_PEARL_VIBRATOR_PURPLE_55.jpg;Hi Tech
JE JOUE FIFI;118.90;;http://s9.postimg.org/5nj7vv527/JE_JOUE_FIFI_118_90.jpg;Hi Tech
JOYFINGER & BUNNY SLEEVE, SWEET PINK;10;;http://s9.postimg.org/ejyldjl27/JOYFINGER_BUNNY_SLEEVE_SWEET_PINK_10.jpg;Hi Tech
LA REVE SILICONE RABBIT;65.90;;http://s9.postimg.org/y4d4gblnj/LA_REVE_SILICONE_RABBIT_65_90.jpg;Hi Tech
LAYLA ORCHIDEE;99.00;;http://s9.postimg.org/v9019ghnj/LAYLA_ORCHIDEE_99_00.jpg;Hi Tech
MADAME BUTTERFLY, PINK;59.90;;http://s9.postimg.org/pr7flnmfz/MADAME_BUTTERFLY_PINK_59_90.jpg;Hi Tech
MINI MARVELOUS RABBIT VIBE, PINK;41.90;;http://s9.postimg.org/4qhe0qixr/MINI_MARVELOUS_RABBIT_VIBE_PINK_41_90.jpg;Hi Tech
MINI MARVELOUS RABBIT VIBE, PURPLE;41.90;;http://s9.postimg.org/iy72pdvmn/MINI_MARVELOUS_RABBIT_VIBE_PURPLE_41_90.jpg;Hi Tech
MINI RABBIT ROTATING;49.90;;http://s9.postimg.org/r4z2gylpb/MINI_RABBIT_ROTATING_49_90.jpg;Hi Tech
NEW-2-WAY RABBIT VIBE;35;17;http://s9.postimg.org/s9t4mc867/NEW_2_WAY_RABBIT_VIBE_35_17.jpg;Hi Tech
OVO K1 RABBIT - PINK;47.90;;http://s9.postimg.org/mpl8pfyov/OVO_K1_RABBIT_PINK_47_90.jpg;Hi Tech
OVO K1 RABBIT - WHITE;47.90;;http://s9.postimg.org/wo67bx84f/OVO_K1_RABBIT_WHITE_47_90.jpg;Hi Tech
OVO K2 RABBIT - WHITE/LILAC ;47.90;;http://s9.postimg.org/l954tk6e7/OVO_K2_RABBIT_WHITE_LILAC_47_90.jpg;Hi Tech
OVO K2 RABBIT - WHITE/PINK ;47.90;;http://s9.postimg.org/jg2858l7j/OVO_K2_RABBIT_WHITE_PINK_47_90.jpg;Hi Tech
OVO K2 RABBIT BLACKBERRY;47.90;;http://s9.postimg.org/i6903xgtb/OVO_K2_RABBIT_BLACKBERRY_47_90.jpg;Hi Tech
OVO K3 Rabbit Withe        OVO K3 RABBIT WITHE;47.90;;http://s9.postimg.org/a20vz6ue7/OVO_K3_Rabbit_Withe_OVO_K3_RABBIT_WITHE_4.jpg;Hi Tech
OVO K4 RABBIT - LIGHTVIOLET ;47.90;;http://s9.postimg.org/ilk9wy2qn/OVO_K4_RABBIT_LIGHTVIOLET_47_90.jpg;Hi Tech
OVO K4 RABBIT - WHITE;47.90;;http://s9.postimg.org/x7bal6zj3/OVO_K4_RABBIT_WHITE_47_90.jpg;Hi Tech
OVO K5 RABBIT - WHITE;47.90;;http://s9.postimg.org/dqqkyo4f3/OVO_K5_RABBIT_WHITE_47_90.jpg;Hi Tech
PERSIAN ELITE VIBRAATOR + ORGASM BALLS + JUST GLIDE 6ML;36.90;;http://s9.postimg.org/3uphz0yn3/PERSIAN_ELITE_VIBRAATOR_36_90_18.jpg;Hi Tech
PERSIAN ELITE VIBRAATOR ;36.90;18;http://s9.postimg.org/g5igj3knz/PERSIAN_ELITE_VIBRAATOR_ORGASM_BALLS_JUST_GL.jpg;Hi Tech
PLOWBOY ROTATING VIBRATOR;46.90;;http://s9.postimg.org/6q2l5w2n3/PLOWBOY_ROTATING_VIBRATOR_46_90.jpg;Hi Tech
POSH BOUNDING BUNNY, PINK;52.90;;http://s9.postimg.org/87smv6wrj/POSH_BOUNDING_BUNNY_PINK_52_90.jpg;Hi Tech
POWER SLIDE VIBE;49.90;29.90;http://s9.postimg.org/4a5d5s9y7/POWER_SLIDE_VIBE_49_90_29_90.jpg;Hi Tech
PRECIOUS GOLD THE ULTIMATE RABBIT;69.90;;http://s9.postimg.org/mtjnjftjz/PRECIOUS_GOLD_THE_ULTIMATE_RABBIT_69_90.jpg;Hi Tech
PRETTY PAPILLON REMOTE CONTROLLE;80;;http://s9.postimg.org/b35q220rj/PRETTY_PAPILLON_REMOTE_CONTROLLE_80.jpg;Hi Tech
RABBIT SENSATION PURPLE EDITION;99.90;;http://s9.postimg.org/ommk7reqn/RABBIT_SENSATION_PURPLE_EDITION_99_90.jpg;Hi Tech
RABBIT SENSATION WHITE EDITION;59.90;;http://s9.postimg.org/l4akbddun/RABBIT_SENSATION_WHITE_EDITION_59_90.jpg;Hi Tech
RABBIT VIBE PLUS;44.90;;http://s9.postimg.org/9t7wn06zj/RABBIT_VIBE_PLUS_44_90.jpg;Hi Tech
SEVEN SEAS VIBE - BLUE;55.90;39.90;http://s9.postimg.org/3tk5jcm73/SEVEN_SEAS_VIBE_BLUE_55_90_39_90.jpg;Hi Tech
SMALL RABBIT - PINK;19.90;;http://s9.postimg.org/4x49vb6u7/SMALL_RABBIT_PINK_19_90.jpg;Hi Tech
SPARKLING CLEAR RABBIT VIBRATOR;39.90;;http://s9.postimg.org/wn5g9zl27/SPARKLING_CLEAR_RABBIT_VIBRATOR_39_90.jpg;Hi Tech
TWINTURBO DOLPHIN, BLUE;55;;http://s9.postimg.org/v6pce3srj/TWINTURBO_DOLPHIN_BLUE_55.jpg;Hi Tech
TWINTURBO RABBIT VIBRATOR - PINK;59.90;;http://s9.postimg.org/6io50v6fz/TWINTURBO_RABBIT_VIBRATOR_PINK_59_90.jpg;Hi Tech
ULTRA 7 PLEASURE RABBIT;65.90;;http://s9.postimg.org/fnwhuq9un/ULTRA_7_PLEASURE_RABBIT_65_90.jpg;Hi Tech
UP&DOWN VIBRATOR, PURPLE;89.90;;http://s9.postimg.org/c5khyc8yn/UP_DOWN_VIBRATOR_PURPLE_89_90.jpg;Hi Tech
Veiny;46.90;;http://s9.postimg.org/676oo3pzz/Veiny_46_90.jpg;Hi Tech
VIBE THERAPY SERENITY VIBR BLUE;59.90;;http://s9.postimg.org/809lcfb6n/VIBE_THERAPY_SERENITY_VIBR_BLUE_59_90.jpg;Hi Tech
"VIBRATOR ""THE HAMMER""";99.00;;http://s9.postimg.org/6z9cnau73/VIBRATOR_THE_HAMMER_99_00.jpg;Hi Tech
VIBRATOR CRAZY RABBIT;49.90;;http://s9.postimg.org/lwhtob7fj/VIBRATOR_CRAZY_RABBIT_49_90.jpg;Hi Tech
WET N WILD RABBIT VIBE;23.90;;http://s9.postimg.org/ussls8y1r/WET_N_WILD_RABBIT_VIBE_23_90.jpg;Hi Tech
MAHANA DUO VIBE BLACK;60;;http://s21.postimg.org/sg92kjq1j/MAHANA_DUO_VIBE_BLACK_60.jpg;We Wibe
MAHANA DUO VIBE PINK;60;;http://s21.postimg.org/srqixb6hj/MAHANA_DUO_VIBE_PINK_60.jpg;We Wibe
WE VIBE II, PURPLE;90.90;;http://s21.postimg.org/yu2r1jkbb/WE_VIBE_4_PURPLE_139.jpg;We Wibe
WE VIBE II, PURPLE;139.90;;http://s21.postimg.org/svkcdkbyv/WE_VIBE_II_PURPLE_99_90.jpg;We Wibe
WE VIBE II, RUBY;99.90;;http://s21.postimg.org/8qqs83i53/WE_VIBE_II_PURPLE_139_90.jpg;We Wibe
WE VIBE II,TEAL;99.90;;http://s21.postimg.org/jcank3ogn/WE_VIBE_II_RUBY_99_90.jpg;We Wibe
WE VIBE III, PURPLE;139;;http://s21.postimg.org/arhbsxeaf/WE_VIBE_II_TEAL_99_90.jpg;We Wibe
WE VIBE III, RUBY;139;;http://s21.postimg.org/p30txtwgn/WE_VIBE_III_PURPLE_139.jpg;We Wibe
WE VIBE III, teal;139;;http://s21.postimg.org/al3mpu55j/WE_VIBE_III_RUBY_139.jpg;We Wibe
WE WIBE LOVE FACINATION;99;66;http://s21.postimg.org/wljz6gntj/WE_VIBE_III_teal_139.jpg;We Wibe
WE WIBE THRILL;159;;http://s21.postimg.org/qnar9yu8n/WE_WIBE_LOVE_FACINATION_99_66.jpg;We Wibe
WE-VIBE 4 - PURPLE;139;;http://s21.postimg.org/86gcj5eaf/WE_WIBE_THRILL_159.jpg;We Wibe