name;price;sale;info;size;type;image
BLACK CHEMISE + STRING;€29,90;;Very seductive chemise.  - blue lace open cups with underwire, - metal ornament with shiny stones, - adjustable shoulder-straps, - matching strings  , Material: 90% polyester, 10% elasthan;S|M|L|XL;Blouses;http://s10.postimg.org/kgezkqgd5/BLACK_CHEMISE_STRING_29_90.jpg
BLACK LEVEL VINÜÜL TOP JA SEELIK;€62,90;€19,90;Black Level Vinüül Top ja Seelik. Tagant lukuga. Materjal: 100% polüester Suurus L ;L ;Blouses;http://s10.postimg.org/5vxwpwleh/BLACK_LEVEL_VIN_L_TOP_JA_SEELIK_62_90.jpg
BLACK MESH 3/4 SLEEVES CROPPED PARTY CLUB TOP;€12,90;;It’s fashionable to match this cropped mesh accent club top with black leather leggings. Black Mesh 3/4 Sleeves Cropped Party Club Top features a ravishing cut, it tightly hugs your body top by stretch fabrics, the mesh accent reveals your sexy curves and fair skin, how sexy and curvaceous you are in this top! Material : 100% Polyester Color black / transparent;M|L;Blouses;http://s10.postimg.org/6b96ix7bt/BLACK_MESH_3_4_SLEEVES_CROPPED_PARTY_CLUB_TOP_12.jpg
BLACK WRAP ILLUSION CROPPED CLUB TOP;€11,90;;Fabulous club must have! This club wear top is the embodiment of sexy with a dose of added style. The stylish design and high-quality stretchy material makes it suitable for any body type. Pair high-waisted bottoms is a match that quite popular with young women, and simply pair with stiletto heels to complete the look. Material : Polyester+Spandex Color Black;L ;Blouses;http://s10.postimg.org/qrk715hll/BLACK_WRAP_ILLUSION_CROPPED_CLUB_TOP_11_90.jpg
BLACK/BLUE CHEMISE + STRING;€29,90;;Very seductive chemise.  - blue lace open cups with underwire, - metal ornament with shiny stones, - adjustable shoulder-straps, - matching strings  , Material: 90% polyester, 10% elasthan;S|M|L|XL;Blouses;http://s10.postimg.org/c0pf38di1/BLACK_BLUE_CHEMISE_STRING_29_90.jpg
BLACK/RED CHEMISE + STRING;€29,90;;Very seductive chemise.  - blue lace open cups with underwire, - metal ornament with shiny stones, - adjustable shoulder-straps, - matching strings  , Material: 90% polyester, 10% elasthan;S|M|L|XL;Blouses;http://s10.postimg.org/yqt59ym3d/BLACK_RED_CHEMISE_STRING_29_90.jpg
BLONDE BOMBSHELL SET, XXL/XXXL;€29,90;;Blonde Bombshell set: - Chemise , - G-Strings. Color: black. Material: 90% polyester, 10% elasthan. ;XXL/XXXL;Blouses;http://s10.postimg.org/5060o713t/BLONDE_BOMBSHELL_SET_XXL_XXXL_29_90.jpg
BLUE PEPLUM TOP WITH BOW BELT;€15,90;;Blue Peplum Top with Bow Belt . Material : Polyester+Spandex. Sleeveless. Color: blue. O-neck. ;M|L;Blouses;http://s10.postimg.org/cwqhwfck9/BLUE_PEPLUM_TOP_WITH_BOW_BELT_15_90.jpg
CARTOON PRINCESS TATTOOS WOMEN TANK TOP - BLACK;€9,99;;Cartoon Princess Tattoos Women Tank Top . Color: Black. Material : Polyester + Spandex.;M-L;Blouses;http://s10.postimg.org/d87y96t09/CARTOON_PRINCESS_TATTOOS_WOMEN_TANK_TOP_BLACK.jpg
DATEX TOP WITH ZIPPER;€49,90;;Datex is brand new material made of natural caoutchouc and very extensible knitted fabric. Because of great extensibility and resistance, Datex is easy to put on. It will make you feel comfortable and ensures traditional latex quality at the same time. Color: black Material: Datex;L ;Blouses;http://s10.postimg.org/hsu4o4cpl/DATEX_TOP_WITH_ZIPPER_49_90.jpg
KIM SHORT SLEEVES FLORAL LACE TOP;€14,90;;This sexy top of dear-lover includes the covered opaque tube underneath and cap-sleeves sheer floral lace outwear top. Kim Short Sleeves Floral Lace Top offers you a curious mysterious view you want to explore. ;ONE;Blouses;http://s10.postimg.org/ooed7876h/KIM_SHORT_SLEEVES_FLORAL_LACE_TOP_14_90.jpg
LACE PEPLUM TOP RED;€16,90;;The peplum is everywhere this season, and this is one of the best we have seen. Allover lace adds instant glamour to a hot-now shape. This great new going-out top is a definite style stand-out. Round neckline. Allover lace. Long sleeves. Feminine peplum detail. Fabric: 100%Polyester.;ONE;Blouses;http://s10.postimg.org/z9y8j8di1/LACE_PEPLUM_TOP_RED_16_90.jpg
LACE PEPLUM TOP WHITE;€16,90;;The peplum is everywhere this season, and this is one of the best we have seen. Allover lace adds instant glamour to a hot-now shape. This great new going-out top is a definite style stand-out. Round neckline. Allover lace. Long sleeves. Feminine peplum detail. Fabric: 100%Polyester.;ONE;Blouses;http://s10.postimg.org/gwxn8o315/LACE_PEPLUM_TOP_WHITE_16_90.jpg
LONG SLEEVE SHIRT, BLUE;€17,90;;Wonderful long sleeve-shirt with a refined cut! Material : 92% Viscose, 8% Elasthan;S-L;Blouses;http://s10.postimg.org/rnpv8361l/LONG_SLEEVED_BLOUSE_14_90.jpg
LONG SLEEVE SHIRT, PINK;€17,90;;Wonderful long sleeve-shirt with a refined cut! Material : 92% Viscose, 8% Elasthan;S-L;Blouses;http://s10.postimg.org/9uzpmgzfd/LONG_SLEEVED_CROPPED_TOP_AND_MINI_SKIRT_SET_19_9.jpg
LONG SLEEVE SHIRT, RED;€17,90;;Wonderful long sleeve-shirt with a refined cut! Material : 92% Viscose, 8% Elasthan;S-L;Blouses;http://s10.postimg.org/3y0fje7o9/LONG_SLEEVE_SHIRT_BLUE_17_90.jpg
LONG SLEEVED CROPPED TOP AND MINI SKIRT SET;€19,90;;Long Sleeved Cropped Top and Mini Skirt Set . Material : 100% Polüester. Long sleeve. Revealing crops. O-neck. ;M|L;Blouses;http://s10.postimg.org/solijgxnd/LONG_SLEEVE_SHIRT_PINK_17_90.jpg
LONG-SLEEVED BLOUSE;€14,90;;Long-sleeved blouse. Material: 95% Polyester, 5% Spandex ;S/M;Blouses;http://s10.postimg.org/6tdiq9bo9/LONG_SLEEVE_SHIRT_RED_17_90.jpg
MERMAID TATTOO PRINT TANK TOP - BLACK;€9,99;;Cartoon Princess Tattoos Women Tank Top . Color: Black. Material : Polyester + Spandex.;M-L;Blouses;http://s10.postimg.org/jm1mq6na1/MERMAID_TATTOO_PRINT_TANK_TOP_BLACK_9_99.jpg
RABBIT FAIRY TANK TOP - BLACK;€9,99;;Cartoon Princess Tattoos Women Tank Top . Color: Black. Material : Polyester + Spandex.;M-L;Blouses;http://s10.postimg.org/h5ztcc57d/RABBIT_FAIRY_TANK_TOP_BLACK_9_99.jpg
RED BLACK STRIPES OFF-THE-SHOULDER CROPPED TOP;€9,90;;What could be a more perfect mate than a blouse? This flirty top! It is sure to shake things up. We love the sexy allure from the Off-the-shoulder neckline, long sleeves and cropped striped silhouette, ultra stretchy. Pair it with a bandage skirt and a pair of embellished sandals for quick going-out look. Features •Soft snug fabrics ensure you a perfect fit •You not only look hot but fashionable in this crop top •How plump, curvaceous and luscious in this top •One size offered and it goes well with any bottom Top fits very well with the skirt as seen. Suitable skirt can be found here ... ;ONE;Blouses;http://s10.postimg.org/bkde8a4ih/RED_BLACK_STRIPES_OFF_THE_SHOULDER_CROPPED_TOP_9.jpg
RED WRAP ILLUSION CROPPED CLUB TOP;€11,90;;Fabulous club must have! This club wear top is the embodiment of sexy with a dose of added style. The stylish design and high-quality stretchy material makes it suitable for any body type. Pair high-waisted bottoms is a match that quite popular with young women, and simply pair with stiletto heels to complete the look. Material : Polyester+Spandex Color Red;M|L;Blouses;http://s10.postimg.org/nkyu90bx5/RED_WRAP_ILLUSION_CROPPED_CLUB_TOP_11_90.jpg
ROSY PEPLUM TOP WITH BOW BELT;€15,90;;Rosy Peplum Top with Bow Belt . Material : Polyester+Spandex. Sleeveless. Color: blue. O-neck. ;M|L;Blouses;http://s10.postimg.org/yn3x7g5zt/ROSY_PEPLUM_TOP_WITH_BOW_BELT_15_90.jpg
ROYAL-BLUE WHITE STRIPES OFF-THE-SHOULDER CROPPED TOP;€9,95;;What could be a more perfect mate than a blouse? This flirty top! It is sure to shake things up. We love the sexy allure from the Off-the-shoulder neckline, long sleeves and cropped striped silhouette, ultra stretchy. Pair it with a bandage skirt and a pair of embellished sandals for quick going-out look. Features •Soft snug fabrics ensure you a perfect fit •You not only look hot but fashionable in this crop top •How plump, curvaceous and luscious in this top •One size offered and it goes well with any bottom ;ONE;Blouses;http://s10.postimg.org/5yqz483tl/ROYAL_BLUE_WHITE_STRIPES_OFF_THE_SHOULDER_CROPPE.jpg
RUFFLE TOP WITH SEXY CASE BACK FOR EMBROIDERY;€9,90;;Ruffle Top with Sexy Case Back For Embroidery. White, Black;ONE;Blouses;http://s10.postimg.org/9jmung8d5/RUFFLE_TOP_WITH_SEXY_CASE_BACK_FOR_EMBROIDERY_9.jpg
RUFFLE WHITE TOP WITH SEXY EMBROIDERY BACK;€14,90;;Ruffle Top with Sexy Case Back For Embroidery uses a deep pleating construction along side seams to create a flattering silhouette. Features a sexy plunging V neckline, lace back, ribbed ruffles bodice, sleeveless, tight-fitting that delivers a bombshell fit. Color: white. Sleeveless. V-neck.;ONE;Blouses;http://s10.postimg.org/4z59m9e1l/RUFFLE_WHITE_TOP_WITH_SEXY_EMBROIDERY_BACK_14_90.jpg
"SEXY ""CHEERLEADER"" COSTUME";€15,90;;"Sexy full set ""Cheerleader"". Sexy White School Girl Cheerleader Costume Top + Skirt /w garters . Color: white Size: One size. Material: polyester";ONE;Blouses;http://s10.postimg.org/o5igpfujd/SEXY_CHEERLEADER_COSTUME_15_90.jpg
"SEXY ""COURTE GENOVA"" TOP WITH GLOVES";€29,90;;Matching elegant gloves included.Very alluring black top with charming colorful patterns.Material: Lace + PU ;ONE;Blouses;http://s10.postimg.org/kzxuz8bx5/SEXY_COURTE_GENOVA_TOP_WITH_GLOVES_29_90.jpg
SEXY VINTAGE WAVE EMBROIDERY KNIT PACKAGE HIP SKIRT;€14,90;€9,90;This is a wide use accessories, it fits to any kind of your clothes. It can be use as a skirt or a tube top, both ways are beautiful. Washing method: Hand wash, and use neutral detergent only, cold water immersion, not vigorously scrub and dry tile. ;ONE;Blouses;http://s10.postimg.org/hwx4vuwyh/SEXY_VINTAGE_WAVE_EMBROIDERY_KNIT_PACKAGE_HIP_SK.jpg
SHIRT WITH BRACES PRINT;€9,90;;Sexy shirt with braces-print. Material: 95% viscose, 5% elastane ;S/M;Blouses;http://s10.postimg.org/52z32ijix/SHIRT_WITH_BRACES_PRINT_9_90.jpg
STYLISH LONG-SLEEVE SHRED BLACK CLUB TOP;€11,90;;This is right what your club time calls for. Dress this cropped club top to show off your slim waistline in the hottest way. And around the chest, there are shreds in the shape of hourglass together with wide round neck, great to show the feminity and sexiness of a woman. It is wonderful to match this black club top with leather leggings or sexy bodycon skirts. Material : 100% Polyester. ;S-L;Blouses;http://s10.postimg.org/vck5lb5g9/STYLISH_LONG_SLEEVE_SHRED_BLACK_CLUB_TOP_11_90.jpg
"TOP ""WINNERS"", BLACK";€18,90;€9,90;Gorgeous top.Gorgeous top with X-shaped beams, which are held together with a silver buckle! Lovely cleavage in loop design with padded breast cups!  Material: 92% viscose, 8% spandex.Color: Black;S-L;Blouses;http://s10.postimg.org/44iq0866x/TOP_FAUX_LEATHER_9_90.jpg
"TOP ""WINNERS"", RED";€18,90;€9,90;Gorgeous top.Gorgeous top with X-shaped beams, which are held together with a silver buckle! Lovely cleavage in loop design with padded breast cups!  Material: 92% viscose, 8% spandex.Color:  Red;S-L;Blouses;http://s10.postimg.org/6zvt73a6x/TOP_JA_SEELIKU_KOMPLEKT_55_90.jpg
"TOP ""WINNERS"", WHITE";€18,90;€9,90;Gorgeous top.Gorgeous top with X-shaped beams, which are held together with a silver buckle! Lovely cleavage in loop design with padded breast cups!  Material: 92% viscose, 8% spandex.Color: White;S-L;Blouses;http://s10.postimg.org/7td0dg5ll/TOP_WINNERS_BLACK_18_90.jpg
TOP FAUX LEATHER;€9,90;;Beautiful black top.Color: Black. 100% Polyester ;S-L;Blouses;http://s10.postimg.org/d3ddr00gp/TOP_WINNERS_RED_18_90.jpg
TOP JA SEELIKU KOMPLEKT;€55,90;€17,90;Top ja seeliku komplekt . Näita oma naiselikku poolt! Poolpikkade varrukatega ja kuldse mustriga top ja seelik. Materjal: 90% polüamiid, 10% spandeks;ONE;Blouses;http://s10.postimg.org/4wldzfae1/TOP_WINNERS_WHITE_18_90.jpg
TUBE TOP BLACK;€19,90;;Tube Top Black. One size. Fabric :Acrylic+ Spandex ;ONE;Blouses;http://s10.postimg.org/fam7snv4p/TUBE_TOP_BLACK_13_90.jpg
WHITE PEPLUM TOP WITH BOW BELT;€15,90;;White Peplum Top with Bow Belt . Material : Polyester+Spandex. Sleeveless. Color: blue. O-neck. ;M ;Blouses;http://s10.postimg.org/lpl8pc1uh/WHITE_PEPLUM_TOP_WITH_BOW_BELT_15_90.jpg
