ALL OVER SEQUINS ONE SHOULDER GODDESS LONG EVENING DRESS - BLACK;€29,90;;All over sequins one shoulder goddess long evening dress . Color: black;ONE;Dresses;http://s18.postimg.org/p8efaax55/ALL_OVER_SEQUINS_ONE_SHOULDER_GODDESS_LONG_EVENI.jpg
BEAUTIFUL LONG EVENING DRESS;€29,90;;"Beautiful long dress for a special occasion. Sequined and side slit.

Color: Black
Material: Polyester";ONE;Dresses;http://s18.postimg.org/in1pajhah/BEAUTIFUL_LONG_EVENING_DRESS29_90.jpg
BEAUTUL BLUE LACE EVENING DRESS;€39,90;;Beautul Blue Lace Evening Dress. Material: polyester + spandex. ;ONE;Dresses;http://s18.postimg.org/u9ltbo4ll/BEAUTUL_BLUE_LACE_EVENING_DRESS_39_90.jpg
BEAUTUL IVORY LACE EVENING DRESS;€39,90;;Beautul Ivory Lace Evening Dress . Material: polyester + spandex. ;M|L;Dresses;http://s18.postimg.org/kqc4i7h3d/BEAUTUL_IVORY_LACE_EVENING_DRESS_39_90.jpg
BLACK BELTED MIDI DRESS;€19,99;;"Timeless and sophisticated midi dress emphasizes your beautiful bust and figure . Color: black
V-neck
Length: knee
Detachable belt
Size: one size";ONE;Dresses;http://s18.postimg.org/64l3tykax/BLACK_BELTED_MIDI_DRESS_19_99.jpg
BLACK FASHION LACE DRESS;€23,90;;"Black Fashion Lace Dress . Color: black
O-neck
Sleeveless
Length: knee
slight cut-out in the back";M|L;Dresses;http://s18.postimg.org/w58lmttft/BLACK_FASHION_LACE_DRESS_23_90.jpg
BLACK LACE EVENING DRESS;€42,90;;"Black Lace Evening Dress . Material : Polyester + Spandex

Off-Shoulder

Color: black

Size: one size";ONE;Dresses;http://s18.postimg.org/xybib5emh/BLACK_LACE_EVENING_DRESS_42_90.jpg
BLACK LACE PARTY DRESS WITH FLOUNCING HEMLINE;€29,90;;Black lace party dress with flouncing hemline.  Material : polyester+spandex;S-L;Dresses;http://s18.postimg.org/se3me9555/BLACK_LACE_PARTY_DRESS_WITH_FLOUNCING_HEMLINE_29.jpg
BLACK LACE TURTLENECK MIDI DRESS;€29,99;;"Black Lace TurtleNeck Midi Dress . Color: black
Sleeveless
Length: knee
Turtleneck
Size: one size
Material: polyester, spandex";ONE;Dresses;http://s18.postimg.org/60radpetl/BLACK_LACE_TURTLENECK_MIDI_DRESS_29_99.jpg
BLACK LEVEL - LACK DRESS;€87,90;€29,95;Long vinyl dress with front lacing and 2-way zipper down to the edge, With back lacing and adjustable straps,  50% polyurethane, 50% polyester;S|M ;Dresses;http://s18.postimg.org/npj15bqkp/BLACK_LEVEL_LACK_DRESS87_90.jpg
BLACK METALLIC LOOK LACE LONG EVENING DRESS;€59,90;;"Black Metallic Look Lace Long Evening Dress . Material: 95% polyester 5% spandex

Sleeveless
";ONE;Dresses;http://s18.postimg.org/7v8q96r7t/BLACK_METALLIC_LOOK_LACE_LONG_EVENING_DRESS_59_9.jpg
BLACK MIDNIGHT CHEONGSAM STYLE LONG DRESS;€19,90;;Incredibly sexy and erotic, this black lace gown barely covers but will still have him wanting to seek what is beneath. Fine floral lace cut in a very playful design with side thigh splits. It’s the same style with our unique Chinese gown, high round neck, sleeveless and a slim fit shell with slits, so classic. It also comes with g-string to make a complete flattering look.  Material : 100% Polyester;ONE;Dresses;http://s18.postimg.org/6hh3dvryh/BLACK_MIDNIGHT_CHEONGSAM_STYLE_LONG_DRESS_19_90.jpg
BLACK PEPLUM MAXI DRESS WITH DROP SHOULDER;€39,90;;"Many women like wearing peplum dresses especially for the cheerful party night. This Black Peplum Evening Dress with Drop Shoulder is a maxi peplum dress that is exclusively made for parties. To better flaunt the sexiness of the wearer, this evening dress accentuates the alluring chest with fluent waves and cut into low back design. There is a concealed zipper on the back, you can easily put on/off it.  Material : Polyester + Spandex
Color black";M|L|XL ;Dresses;http://s18.postimg.org/eo935gi15/BLACK_PEPLUM_MAXI_DRESS_WITH_DROP_SHOULDER_39_90.jpg
BLACK SEQUINED MAXI GOWN;€79,90;;"Black Sequined Front Slit Padded Maxi Gown . Color: black
Sleeveless
V-neck
Material: polyester+spandex";M|L;Dresses;http://s18.postimg.org/gilxn751l/BLACK_SEQUINED_MAXI_GOWN_79_90.jpg
BLACK/WHITE BODYCON MIDI DRESS;€28,90;;"Black/white Bodycon Midi Dress . Color: black/white
O-neck
Short Sleeves
Good stretch, comfortable while you are sexy";S|M ;Dresses;http://s18.postimg.org/ff1tb8keh/BLACK_WHITE_BODYCON_MIDI_DRESS_28_90.jpg
BLUE METALLIC LOOK LACE LONG EVENING DRESS;€59,90;;"Blue Metallic Look Lace Long Evening Dress . Material: 95% polyester 5% spandex

Sleeveless";ONE;Dresses;http://s18.postimg.org/aiy6jjk95/BLUE_METALLIC_LOOK_LACE_LONG_EVENING_DRESS_59_90.jpg
CHIFFON MAXI DRESS;€19,90;;Black chiffon maxi dress. ;ONE;Dresses;http://s16.postimg.org/7xiyl66v9/CHIFFON_MAXI_DRESS_19_90.jpg
COTTELLI COLLECTION DRESS BLACK;€65,90;€59,95;Glossy black dress with a detachable halterneck. Triangle net inserts in the lower part provide full moveability when walking. Covered zipper in the back. 50% polyester, 50% polyurethane. ;M/S ;Dresses;http://s16.postimg.org/k9luynupx/COTTELLI_COLLECTION_DRESS_BLACK_65_90.jpg
ELEGANT DRESS WITH X-STRAPS AND STUDS;€49,90;;Elegant dress with x-straps and studs . 95% Polyester / 5% Cotton. LEOPARD, WHITE;ONE;Dresses;http://s16.postimg.org/8htea4apx/ELEGANT_DRESS_WITH_X_STRAPS_AND_STUDS_49_90.jpg
ELEGANT WHITE EVENING DRESS;€39,90;;"Elegant White Evening Dress . Color: white

Material: Polyester + spandex

Strapless

Sleeveless";M/L;Dresses;http://s16.postimg.org/lfpuxgj0l/ELEGANT_WHITE_EVENING_DRESS_39_90.jpg
"EVENING DRESS ""SATIN""";€49,90;;Stylish evening dress. Material: acrylic, spandex ;S-L;Dresses;http://s16.postimg.org/mfg5t5y6d/EVENING_DRESS_SATIN_49_90.jpg
GLAM BLACK MESH PATTERN HOURGLASS EVENING DRESS;€39,90;;"Halter evening dress featuring mesh pattern insets in front. Hourglass fit for accentuating off your sexy curves. The mermaid style shape in maxi length is voluptuous, fitted and caters to the body structure. Two colors available online, one size fits most. Material : polyester + spandex
Color black";S-L;Dresses;http://s16.postimg.org/nf6govdc5/GLAM_BLACK_MESH_PATTERN_HOURGLASS_EVENING_DRESS3.jpg
KATE HOLLOW-OUT MIDI DRESS BLACK;€34,90;;"Whether it is a prom dress, lantern dress or bodycon dress, this Kate Hollow-out Midi Dress should take prime position in every wardrobe this season. The sexy revealing detail is the most stands out point from any angle. You will feel extremely fashionable and more slender than you are.  Material : 100%Polyester
Color : Black";ONE;Dresses;http://s16.postimg.org/6l19ja9fp/KATE_HOLLOW_OUT_MIDI_DRESS_BLACK_34_90.jpg
KATE HOLLOW-OUT MIDI DRESS RED;€34,90;;"Whether it is a prom dress, lantern dress or bodycon dress, this Kate Hollow-out Midi Dress should take prime position in every wardrobe this season. The sexy revealing detail is the most stands out point from any angle. You will feel extremely fashionable and more slender than you are.  Material : 100%Polyester
Color : Red";ONE;Dresses;http://s16.postimg.org/jdpdj7l1h/KATE_HOLLOW_OUT_MIDI_DRESS_RED34_90.jpg
LATEX DRESS;€19,90;;The black latex dress. ;ONE;Dresses;http://s16.postimg.org/goukt6fk5/LATEX_DRESS_19_90.jpg
LONG BANQUET DRESS - VIOLET;€19,90;;Long banquet dress . Color: violet;ONE;Dresses;http://s16.postimg.org/58jkhec05/LONG_BANQUET_DRESS_VIOLET_19_90.jpg
LONG BLACK DRESS;€49,90;;Long black dress ;ONE;Dresses;http://s16.postimg.org/6c3otcwn9/LONG_BLACK_DRESS_49_90.jpg
LONG BLACK EVENING DRESS;€39,90;;Long black evening dress with  cut out shoulders design. Material: 100% polyester;S-L;Dresses;http://s16.postimg.org/v6n6nfhhh/LONG_BLACK_EVENING_DRESS39_90.jpg
LONG EVENING DRESS WITH LOW CUT-OUT BACK;€19,90;;"The perfect maxi evening dress to make statements where ever you go!.  Material: Polyester, Spandex
Size: One Size. Grey, Red";ONE;Dresses;http://s16.postimg.org/i6g14qkat/LONG_EVENING_DRESS_WITH_LOW_CUT_OUT_BACK_19_90.jpg
LONG LACE EVENING DRESS, BLACK;€28,90;;"Long Lace V-Neck Evening Dress, black.  Material : 95%Polyester + 5%Spandex

Size: One Size

Color: Black
";ONE;Dresses;http://s16.postimg.org/lc0muy2x1/LONG_LACE_EVENING_DRESS_BLACK_28_90.jpg
LONG RED GOWN;€29,90;;"Long Red Gown with ruching on the waistline.  V-neck
Color: red
Size: one size";ONE;Dresses;http://s16.postimg.org/7kw5sqdz9/LONG_RED_GOWN_29_90.jpg
LONG SLEEVE WHITE LACE MIDI DRESS;€39,90;;"Long Sleeve white lace midi dress . Color: white
Material: polyester, spandex
Long sleeve
V-neck
Size: one size";ONE;Dresses;http://s16.postimg.org/r40r23cqt/LONG_SLEEVE_WHITE_LACE_MIDI_DRESS_39_90.jpg
LOW BACK LACE EVENING DRESS;€39,90;;Low Back Lace Evening Dress . Material : Polyester + Spandex  Color: Black Size: one size;ONE;Dresses;http://s16.postimg.org/x68dsl16t/LOW_BACK_LACE_EVENING_DRESS_PINK_39_90.jpg
LOW BACK LACE EVENING DRESS, PINK;€39,90;;"Low Back Lace Evening Dress . Material : Polyester + Spandex

Color: pink";ONE;Dresses;http://s16.postimg.org/bxupb5mpx/LOW_BACK_LACE_EVENING_DRESS_RED_39_90.jpg
LOW BACK LACE EVENING DRESS, RED;€39,90;;"Low Back Lace Evening Dress . Material : Polyester + Spandex

Color: Red

Size: one size";ONE;Dresses;http://s16.postimg.org/58o5v51dx/LOW_BACK_LACE_EVENING_DRESS_39_90.jpg
MAXI DRESS WITH LACE BACK AND FISHTAIL;€35,90;€29,90;Made from a stretch poly fabric, this Maxi Dress with Lace Back and Fishtail is comfortable and very friendly to your skin. The ankle-length design makes you become tall and elegant once slip in. Really a wonderful option to every sexy occasion such as soiree, evening party and big events etc. Material : 100% Polyester;XXL ;Dresses;http://s16.postimg.org/gnkmzrdqd/MAXI_DRESS_WITH_LACE_BACK_AND_FISHTAIL_35_90.jpg
MERMAID BODYCON, BLACK;€29,90;;High quality gown for fashion-conscious modern women want to look sexy elegant and comfy at the same, it’s a piece of quick-change artist for all kinds of situations featuring body-hugging shape in a graceful floor-length, crew neck, long sleeves and center front cut out reveals skin and half bust. Mermaid hemline has this gown a demure noble appearance. Material : Polyester + Spandex;ONE;Dresses;http://s16.postimg.org/w7s0qanut/MERMAID_BODYCON_BLACK29_90.jpg
MERMAID BODYCON, WHITE;€29,90;;High quality gown for fashion-conscious modern women want to look sexy elegant and comfy at the same, it’s a piece of quick-change artist for all kinds of situations featuring body-hugging shape in a graceful floor-length, crew neck, long sleeves and center front cut out reveals skin and half bust. Mermaid hemline has this gown a demure noble appearance. Material : Polyester + Spandex;ONE;Dresses;http://s16.postimg.org/sfd3oaxqd/MERMAID_BODYCON_WHITE29_90.jpg
MERMAID COSTUME;€29,90;;This sexy 2pc Sequin Metallic Mermaid Princess Gown Costume features a long shimmering aqua stretch strapless dress with organza ruffle trimmed and fish scale sequined bodice, sleek luster shell and ruched skirt hem with organza layered fish tail detail, made in sexy body-hugging silhouette. You appear as beautiful as a elegant mermaid princess with this stunning mermaid costume! Material : polyester+spandex;ONE;Dresses;http://s16.postimg.org/eket5u3b9/MERMAID_COSTUME_29_90.jpg
PUNANE PIKK ÕHTUKLEIT;€39,90;;"Punane pikk õhtukleit . Värv: punane

Suurus: üks suurus

Materjal: polüester + spandex
";ONE;Dresses;http://s16.postimg.org/htt8caret/PUNANE_PIKK_HTUKLEIT_39_90.jpg
RED BELTED MIDI DRESS;€19,99;;"Timeless and sophisticated midi dress emphasizes your beautiful bust and figure . Color: red
V-neck
Length: knee
Detachable belt
Size: one size";ONE;Dresses;http://s16.postimg.org/nj9gwlxl1/RED_BELTED_MIDI_DRESS_19_99.jpg
RED FASHION LACE DRESS;€23,90;;"Red Fashion Lace Dress . Color: red
O-neck
Sleeveless
Length: knee
slight cut-out in the back";M/L ;Dresses;http://s16.postimg.org/v1sm58oxx/RED_FASHION_LACE_DRESS_23_90.jpg
SEXY LONG DRESS;€39,90;;Color: black ;ONE;Dresses;http://s16.postimg.org/bio0vvq6d/SEXY_LONG_DRESS_39_90.jpg
SWERVE HALTER TWO-TONE EVENING DRESS;€19,95;;"Make yourself a elegant celebrity with this Swerve Halter Two-tone Evening Dress! Ingeniously combine the tightfitting bodice with flowing loose hemline, it is definitely going to lend your feminine grace. It is suitable for dinner parties, annual meetings and all the other formal occasions. Get glammed up in this beautiful maxi dress that flatters any woman's shape!  One size
Material : Polyester+Spandex";ONE;Dresses;http://s16.postimg.org/es2g2ce9x/SWERVE_HALTER_TWO_TONE_EVENING_DRESS19_95.jpg
TWO-TONED DRESS;€39,90;;Two-toned dress. ;ONE;Dresses;http://s16.postimg.org/orxci8pj9/TWO_TONED_DRESS_39_90.jpg
WHITE BELTED MIDI DRESS;€19,99;;"Timeless and sophisticated midi dress emphasizes your beautiful bust and figure . Color: white
V-neck
Length: knee
Detachable belt
Size: one size";ONE;Dresses;http://s16.postimg.org/5lk5f291h/WHITE_BELTED_MIDI_DRESS_19_99.jpg
WHITE EMBROIDERED SEXY GOWN AND G-STRING;€19,90;;Make your first night special and romantic with our sexy sheer bride gown. Sexy white gown with embroidered bodice, underwire cups, adjustable straps, princess seams, revealing sight slits, low back, satin bow details and matching embroidered g string. Material : 100% Polyester;XS-M;Dresses;http://s16.postimg.org/4yqamnih1/WHITE_EMBROIDERED_SEXY_GOWN_AND_G_STRING_19_90.jpg
WHITE LACE TURTLENECK MIDI DRESS;€29,99;;"Black Lace TurtleNeck Midi Dress . Color: white
Sleeveless
Length: knee
Turtleneck
Size: one size
Material: polyester, spandex";ONE;Dresses;http://s16.postimg.org/tf3ek0cw5/WHITE_LACE_TURTLENECK_MIDI_DRESS_29_99.jpg
WHITE MERMAID LACE MAXI EVENING GOWN;€39,90;;"Unleash your inner goddess in this luscious lace gown.  Color: White
Material: Polyester, Spandex";M/L;Dresses;http://s16.postimg.org/uiskt33ut/WHITE_MERMAID_LACE_MAXI_EVENING_GOWN_39_90.jpg
