BLACK AND WHITE STRIPES LEGGING;€9,90;;High waist and slinky style with black and white stripes print, quite legs-shaping to your body and accents you more slender and taller than actually you are. Material: 95% polyester and 5% spandex ;ONE;Leggins;http://s30.postimg.org/ndordn3ld/BLACK_AND_WHITE_STRIPES_LEGGING_9_90.jpg
BLACK FASHION LEGGING;€14,90;€9,90;Todays world of fashion gives you so many different styles, fabrics and color choices for leggings. Basic black leggings are a staple for your leggings wardrobe but you have to consider all of your fashion choices. Leggings come in so many styles from bright colorful leggings to leggings that give you multiple pattern mixes, textures and styles. You can make your leggings the center point to your outfit by accessorizing with a simple long shirt such as a linen button-down, an oversize sweater, or long tunic for a wonderful casual, comfortable look. You can wear a busier colorful legging with a basic summer dress or skirt with your leggings. Do not limit your leggings wardrobe by the fear that one may be too busy or colorful for you. Different occasions allow for different fashion options so making leggings a diverse part of your wardrobe can spice up your entire wardrobe! ;ONE;Leggins;http://s30.postimg.org/4o1dan08h/BLACK_FASHION_LEGGING_14_90.jpg
BLACK HIGH WAIST LEGGINGS;€15,90;;Wetlook black high waist leggings with the sleek look of a coveted statement piece. Soft stretch fabric, High waist, Skinny leg. These sexy leggings create a sleek, modern silhouette in smooth, stretch polyester. They will keep you comfortable all day long. Material : 88%Polyester+12%Spandex;S-L;Leggins;http://s30.postimg.org/83ow6g835/BLACK_HIGH_WAIST_LEGGINGS_15_90.jpg
BLACK SEQUIN FRONT PU LEGGINGS;€16,90;;This is the sequins spliced PU Leggings and it gives you a sexy sporty look but it also slims and trims your body. It is a gorgeous black legging with a glittering front panel that is absolutely perfect for women who would like to be as dazzling as a noble princess and effortlessly shaping a slimming effect at the same time.  Material : Polyester+Spandex;ONE;Leggins;http://s30.postimg.org/3x8n4uxv5/BLACK_SEQUIN_FRONT_PU_LEGGINGS_16_90.jpg
BLACK SHORTS;€26,90;;Black shorts ;36|38|40;Leggins;http://s30.postimg.org/czsiy588h/BLACK_SHORTS_26_90.jpg
BLACK SKINNIES WITH GOLDPRINT;€49,90;€29,90;"Low-cut skinnies with goldprint. Material: 75% cotton, 23% polyester, 2% elastane.
";XS ;Leggins;http://s30.postimg.org/x8fwjv7jl/BLACK_SKINNIES_WITH_GOLDPRIN_49_90.jpg
BLACK YOGA LEGGINGS WITH ORANGE STRIPE;€10,90;;"Black Yoga Leggings with Orange Stripe . Material: 95% polüester, 5% spandex
Very elastic and comfortable slimming fit";M ;Leggins;http://s30.postimg.org/4f3skpng1/BLACK_YOGA_LEGGINGS_WITH_ORANGE_STRIPE_10_90.jpg
CHIC LEOPARD KNEES SEXY LEGGING;€14,90;;Chic Leopard Knees Sexy Legging is chic and designer, the leopard illusion on knees and black/white band at thighs add a bit finishing touch of sophistication. It’s skintight and intimate to sculpt the sexy curves and slender legs of your body. The pull-on style also offers a great support to slim the silhoutte. Pair with an overlarge vest and little jacket will be better. Material : 95%Polyester + 5%Spandex;ONE;Leggins;http://s30.postimg.org/rj49daqr5/CHIC_LEOPARD_KNEES_SEXY_LEGGING_14_90.jpg
DAMEN SHORTS BLACK;€29,90;;Damen shorts black . Material: 95% Baumwolle, 5% Elasthan;XS/34| S/36| M/38;Leggins;http://s30.postimg.org/9b7fcenld/DAMEN_SHORTS_BLACK_29_90.jpg
DARK BLUE LEGGINS;€9,95;;"Leggings that are styled to look like tight denim jeans.  Color: see the picture. 
Material: 85% polyester, 15% spandex 
One size XS – L";XS-L;Leggins;http://s30.postimg.org/cyn6igvsh/DARK_BLUE_LEGGINS_9_85.jpg
ENTICING KITTEN LEGGINGS;€49,90;;Color: black . Material: 85% polyester, 15% elasthan;ONE;Leggins;http://s30.postimg.org/s4t89eltd/ENTICING_KITTEN_LEGGINGS_49_90.jpg
FASHION GIRL JEPPINGS;€14,90;€9,90;Fashion Girl Jeppings. One size. ;ONE;Leggins;http://s30.postimg.org/vgrj2pdkh/FASHION_GIRL_JEPPINGS_14_90.jpg
GOLDEN SEQUIN FRONT PU LEGGINGS;€16,90;;This is the sequins spliced PU Leggings and it gives you a sexy sporty look but it also slims and trims your body. It is a gorgeous black legging with a glittering front panel that is absolutely perfect for women who would like to be as dazzling as a noble princess and effortlessly shaping a slimming effect at the same time.  Material : Polyester+Spandex;ONE;Leggins;http://s30.postimg.org/zeess40dt/GOLDEN_SEQUIN_FRONT_PU_LEGGINGS_16_90.jpg
GREEN CAMOUFLAGE LEGGINGS;€11,90;€7,90;Green Camouflage Leggings . Materal: 85%Nylon+15%Spandex ;ONE;Leggins;http://s30.postimg.org/itbrq6ynl/GREEN_CAMOUFLAGE_LEGGINGS_11_90.jpg
GREY HALF-TROUSERS;€18,90;;Women's grey half-trousers. Materal: 100% polyester;S ;Leggins;http://s30.postimg.org/4lhhnswkx/GREY_HALF_TROUSERS_18_90.jpg
GREY YOGA LEGGINGS WITH WHITE STRIPE;€10,90;;"Grey Yoga Leggings with Orange Stripe . Material: 95% polüester, 5% spandex
Very elastic and comfortable slimming fit";L ;Leggins;http://s30.postimg.org/j8n1j7kkx/GREY_YOGA_LEGGINGS_WITH_WHITE_STRIPE_10_90.jpg
HIGH WAIST METALLIC LEATHER SEAMED LEGGING IN BLACK;€16,90;;Stretchy skinny leggings designed to show off your feminine silhouette. This High Waist Metallic Leather Seamed Legging is all seasons hot fashion trend being worn by all the celebrities. An awesome choice for fancy night outings and everyday casual wear. Plenty of stretch for added comfort. Material: 95% polüester + 5% spandex;ONE;Leggins;http://s30.postimg.org/jwvw25jap/HIGH_WAIST_METALLIC_LEATHER_SEAMED_LEGGING_IN_BL.jpg
HIGH WAIST SNAKE TEXTURE METALLIC LEGGING GOLD;€14,90;;High Waist Snake Texture Metallic Legging is sexy wild and stretchy durable to wear . Material: 100% polyester;ONE;Leggins;http://s30.postimg.org/aew523xm9/HIGH_WAIST_SNAKE_TEXTURE_METALLIC_LEGGING_GOLD_1.jpg
JEANS LOOK JEGGINGS;€14,90;€9,90;Jeans Look Jeggings. One size. ;ONE;Leggins;http://s30.postimg.org/m7ty6bu29/JEANS_LOOK_JEGGINGS_14_90.jpg
JEANS LOOK LEGGINGS, BLUE;€9,90;;Jeans Look Leggings.  ;S-L;Leggins;http://s30.postimg.org/a8ifz0ohd/JEANS_LOOK_LEGGINGS_BLUE_9_90.jpg
LEATHER LEGGING WITH POCKETS BACK;€19,90;;Flattering made by the curves of your hip and legs, Leather Legging with Pockets Back is sexy, stylish and custom fit to wear. Stands out by its spliced color front and classy design. Matching it with fashion top and boots to get a fabulous trendy out-going look for day and night.;ONE;Leggins;http://s30.postimg.org/8blpufxtd/LEATHER_LEGGING_WITH_POCKETS_BACK_19_90.jpg
"LEGGING ""BROWN""";€14,90;;High Waist Snake Texture Metallic Legging is sexy wild and stretchy durable to wear.  Material: 100% polyester;ONE;Leggins;http://s30.postimg.org/9rx8cl0q9/LEGGING_BROWN_14_90.jpg
"LEGGING ""GRAY""";€14,90;;High Waist Snake Texture Metallic Legging is sexy wild and stretchy durable to wear.  Materjal: 100% polyester;ONE;Leggins;http://s30.postimg.org/7pwqyc2r5/LEGGING_GRAY_14_90.jpg
;;;;;;
;;;;;;
;;;;;;
;;;;;;
;;;;;;
;;;;;;
;;;;;;
;;;;;;
;;;;;;
;;;;;;
;;;;;;
;;;;;;
;;;;;;
;;;;;;
;;;;;;
;;;;;;
;;;;;;
;;;;;;
;;;;;;
;;;;;;
LEOPARD LEGGINS S/M;€19,90;;Leopard Leggins S/M 90% Polyester, 10% Spandex ;S/M ;Leggins;http://s30.postimg.org/q8fc765m9/LEOPARD_LEGGINS_S_M_19_90.jpg
METALLIC BLACK FASHION LIQUID LEGGINGS;€29,90;;Stretch tight imitation leather pants. One size. ;ONE;Leggins;http://s30.postimg.org/gce97izu9/METALLIC_BLACK_FASHION_LIQUID_LEGGINGS_29_90.jpg
MULTICOLOR NEW STYLE LEGGINGS;€14,90;€9,90;Multicolor New Style Leggings. Fabric :85% Nylon+15% Spandex. One size. ;ONE;Leggins;http://s30.postimg.org/cjuqrskc1/MULTICOLOR_NEW_STYLE_LEGGINGS_14_90.jpg
NEW STYLE LEGGING;€15,90;;Black colored tights.   Material: 85% nylon, 15% spandex ;S-L;Leggins;http://s30.postimg.org/51blj5sz5/NEW_STYLE_LEGGING_15_90.jpg
PURE PERFORMANCE HOTSHORT - BLACK;€14,90;;Sexy stretch fabric gives support and compression. Sideslash is both cooling and revealing. Material: 92% nylon / 8% Spandex ;S/M| M/L;Leggins;http://s30.postimg.org/fcnybtkoh/PURE_PERFORMANCE_HOTSHORT_BLACK_14_90.jpg
PURE PERFORMANCE HOTSHORT - PINK;€14,90;;Sexy stretch fabric gives support and compression. Sideslash is both cooling and revealing. Material: 92% nylon / 8% Spandex ;S/M| M/L;Leggins;http://s30.postimg.org/unxrcfi0h/PURE_PERFORMANCE_HOTSHORT_PINK_14_90.jpg
ROSY SEQUIN FRONT PU LEGGINGS;€16,90;;This is the sequins spliced PU Leggings and it gives you a sexy sporty look but it also slims and trims your body. It is a gorgeous black legging with a glittering front panel that is absolutely perfect for women who would like to be as dazzling as a noble princess and effortlessly shaping a slimming effect at the same time.  Material : Polyester+Spandex;ONE;Leggins;http://s30.postimg.org/mwh1dvdv5/ROSY_SEQUIN_FRONT_PU_LEGGINGS_16_90.jpg
SCRAWL PAINTING TIGHT LEGGING PANTS;€11,90;€9,90;The optional scrawl painting on this legging is wonderful and catchy to make the wearer feel chic and attention-getting when walking on the streets. Cover up the embarrassing parts by the slender style and high waist design. This Scrawl Painting Tight Legging Pants is surely the perfect autumn choice to pair with your sweater. Material : 95%Polyester + 5%Spandex;ONE;Leggins;http://s30.postimg.org/4i6i9w1kh/SCRAWL_PAINTING_TIGHT_LEGGING_PANTS_11_90.jpg
SEXY LEGGING PANTS WET LOOK RED, WITHE AND BLACK;€9,90;;exy Legging Pants Wet Look White is made by 97% Polyester and 3% Elasthane. It features lace detail on sides. Wearing it is a great way to make you feel young and energetic all the time. These legging pants are just what you need to give your daywear some glamour. Material : 97% Polyester+3% Elasthane. Red, White ;ONE;Leggins;http://s30.postimg.org/4jgg3b3e9/SEXY_LEGGING_PANTS_WET_LOOK_RED_WITHE_AND_BLACK.jpg
SEXY LEGGING PANTS WET LOOK WHITE;€9,99;;These legging pants are just what you need to give your daywear some glamour. Material: 97% Polyester + 3% Elasthane;S-L ;Leggins;http://s30.postimg.org/4m4x3vwfl/SEXY_LEGGING_PANTS_WET_LOOK_WHITE_9_99.jpg
SEXY TREGGINGS IN LEATHER-LOOK;€39,90;;"Sexy Treggings in leather-look . 70% Cotton / 25% Polyuretane / 5% Elastane
";S ;Leggins;http://s30.postimg.org/4xhs2wnht/SEXY_TREGGINGS_IN_LEATHER_LOOK_39_90.jpg
SEXY WET-LOOK KITTEN PANTS;€49,90;;"Sexy Wet-Look Kitten Pants. Color black
85 % polyester / 15 % Elastane";ONE;Leggins;http://s30.postimg.org/nsi472cxd/SEXY_WET_LOOK_KITTEN_PANTS_49_90.jpg
SEXY WET-LOOK LEGGS WITH ZIP;€19,90;;"Sexy Wet-Look Leggs with zip . Color black
85 % Polyamide / 15 % Elastane
";ONE;Leggins;http://s30.postimg.org/g11e8i8s1/SEXY_WET_LOOK_LEGGS_WITH_ZIP_19_90.jpg
SHORT LEGGINGS;€14,90;€9,90;Short Leggings. One size. Fabric :85% Polyester+15% Elasthane ;ONE;Leggins;http://s30.postimg.org/ldq8mmwoh/SHORT_LEGGINGS_14_90.jpg
SKINNIES WITH LEOPRINT;€49,90;€35,90;Sexy Skinnies with leoprint . Material: 75% cotton, 23% polyester, 2% elastane;XS ;Leggins;http://s30.postimg.org/x44640pgx/SKINNIES_WITH_LEOPRINT_49_90.jpg
SKINNYPANTS IN LEATHERLOOK;€32,90;€25,90;"Sexy skinnypants in leatherlook.  Material: 66% cotton, 28% polyester, 6% spandex
";S/36| L/40| XL/42;Leggins;http://s30.postimg.org/qrp0u6mep/SKINNYPANTS_IN_LEATHERLOOK_32_90.jpg
SKINNYPANTS IN LEATHERLOOK;€59,90;€39,90;Sexy lowcut Skinnypants in leatherlook. Material: 95% polyester, 5% cotton;M ;Leggins;http://s30.postimg.org/uqm8d0b1t/SKINNYPANTS_IN_LEATHERLOOK_59_90.jpg
THREE ZIPPER FAUX LEATHER LEGGINGS;€19,90;;Three zipper Faux Leather Leggings. One size. Fabric :leather+spandex ;ONE;Leggins;http://s30.postimg.org/b7hn3nca9/THREE_ZIPPER_FAUX_LEATHER_LEGGINGS_19_90.jpg
TREGGINGS WITH STUDS AND LEATHERLOOK;€39,90;€29,90;"Treggings with studs and leatherlook .Material: 97% polyester, 3% elastane
";XS/S ;Leggins;http://s30.postimg.org/8h8b6gfld/TREGGINGS_WITH_STUDS_AND_LEATHERLOOK_39_90.jpg
WET LOOK ZIPPER LEGGINGS;€45,50;;Black Wet Look Leggings . Material: 85% polyester & 15% elasthan;ONE;Leggins;http://s30.postimg.org/3u294os8h/WETLOOK_PANTS_BLACK_29_90.jpg
WETLOOK PANTS - BLACK;€29,90;;Wetlook pants.  ;XS/34| S/36| M/38;Leggins;http://s30.postimg.org/4as24v5dd/WETLOOK_PANTS_COFFEE_29_90.jpg
WETLOOK PANTS - COFFEE;€29,90;;Wetlook pants.  ;S/36| M/38;Leggins;http://s30.postimg.org/61b36cmwh/WET_LOOK_ZIPPER_LEGGINGS_45_50.jpg
WHITE SKINNIES WITH GOLDPRINT;€49,90;€29,90;"Low-cut skinnies with goldprint. Material: 75% cotton, 23% polyester, 2% elastane.
";XS/S ;Leggins;http://s30.postimg.org/3nt5fc8hd/WHITE_SKINNIES_WITH_GOLDPRINT_49_90.jpg
WOMEN'S BLACK HALF-TROUSERS;€18,90;;Women's grey half-trousers. Materal: 100% polyester;S/M| M/L;Leggins;http://s30.postimg.org/wc63ikanl/WOMEN_S_BLACK_HALF_TROUSERS_18_90.jpg
WOMEN'S WHITE HALF-TROUSERS;€18,90;;Women's grey half-trousers. Materal: 100% polyester;S/M| M/L;Leggins;http://s30.postimg.org/x5ipb6goh/WOMEN_S_WHITE_HALF_TROUSERS_18_90.jpg
ZEBRA LEGGING;€8,99;;Zebra style legging . Material: 50% Nylon+ 50% Spandex;ONE;Leggins;http://s30.postimg.org/eooakd0q9/ZEBRA_LEGGING_8_99.jpg
;;;;;;
;;;;;;
;;;;;;
;;;;;;
LEGGING WITH MULTIPLE SLITS;€17,90;€7,90;Legging with multiple slits . Fabric :Stretch microfiber PU + Spandex;ONE;Leggins;http://s30.postimg.org/i2j1kewa9/LEGGING_WITH_MULTIPLE_SLITS_17_90.jpg
"LEGGINGS ""LEOPARD""";€18,90;;"Leggings ""Leopard"" . Material: 85% Polyamid, 15% Elasthane";M/L| XL/XXL;Leggins;http://s30.postimg.org/ume685khd/LEGGINGS_LEOPARD_18_90.jpg
LEGGINGS BROWN;€17,90;;Leggings Brown ;S/M ;Leggins;http://s30.postimg.org/3pu6zu1o1/LEGGINGS_BROWN_17_90.jpg
LEGGINGS WITH LEOPARD STRIPES;€26,90;;Leggings with leopard stripes . Material: 92% Polyester, 8% Elasthan;S|XS;Leggins;http://s30.postimg.org/q4bvg24fl/LEGGINGS_WITH_LEOPARD_STRIPES_26_90.jpg
LEGGINGS WITH LEOPARD PATTERNED FRONT;€18,90;;Leggings with leopard patterned front . Material: 85% Polyamiid, 15% Elasthane;XL/XXL;Leggins;http://s30.postimg.org/ujualbgtt/LEGGINGS_WITH_LEOPARD_PATTERNED_FRONT_18_90.jpg
;;;;;;
;;;;;;
;;;;;;
LEGGINGS BLACK S/M;€17,90;;Leggings Black ;S/M ;Leggins;http://s30.postimg.org/3xhtwccmp/LEGGINGS_BLACK_S_M_17_90.jpg
;;;;;;
LEGGINGS LEO;€19,90;;Leggings Leo ;S/M ;Leggins;http://s30.postimg.org/y4q64jldd/LEGGINGS_LEO_19_90.jpg
;;;;;;
;;;;;;
LEGGINS;€13,90;;Leggins.   Material: 85%Nylon+15%Spandex;S-L;Leggins;http://s30.postimg.org/hbzi648oh/LEGGINS_13_90.jpg
LEGGINS;€9,90;;Leggins.   Material: 85%Nylon+15%Spandex;S-L;Leggins;http://s30.postimg.org/e3v0t2mep/LEGGINS_9_90.jpg
LEGGINS;€18,90;;Leggins. Color: coffee . Material: 100% cotton;S-L;Leggins;http://s30.postimg.org/crdbr6oz5/LEGGINS_18_90.jpg
"LEGGINS ""BLACK METAL NAIL""";€9,90;;Back Metal Nail Leggins are made of soft stretchy blending fabric  . Material: 85% nylon, 15% spandex;S-L;Leggins;http://s30.postimg.org/xych1gc8h/LEGGINS_BLACK_METAL_NAIL_9_90.jpg
"LEGGINS ""CAMOUFLAGE""";€12,90;€7,90;Camouflage leggins.  Material: 85% nylon + 15% spandex;S-L ;Leggins;http://s30.postimg.org/gauo392b5/LEGGINS_CAMOUFLAGE_12_90.jpg
"LEGGINS ""COLOR STRIPE""";€12,90;€7,90;Playfully multicolored tights for women. Material: 85% nylon + 15% spandex;S-L ;Leggins;http://s30.postimg.org/p7a1kxib5/LEGGINS_COLOR_STRIPE_12_90.jpg
"LEGGINS ""FLORAL""";€9,90;;Leggins.   Material: 85%Nylon+15%Spandex;S-L;Leggins;http://s30.postimg.org/hskpsjwfl/LEGGINS_FLORAL_9_90.jpg
"LEGGINS ""GRAFFITI PORTRAIT """;€9,90;€7,90;Unique-looking tights. ;S-L;Leggins;http://s30.postimg.org/n59k6okc1/LEGGINS_GRAFFITI_PORTRAIT_9_90.jpg
"LEGGINS ""GRAY SNAKE""";€17,90;;Stylish snake skin imitation tights for women. Material: 85% nylon + 15% spandex;S-L ;Leggins;http://s30.postimg.org/f2bdvczqp/LEGGINS_GRAY_SNAKE_17_90.jpg
"LEGGINS ""KITTEN""";€49,90;;These figure-hugging wet look leggings feature a series of horizontal cuts on the outside of the leg from calf to hip.  Material: 85% Polyester, 15% Elasthan;S-L;Leggins;http://s30.postimg.org/qde1jq6lt/LEGGINS_KITTEN_49_90.jpg
"LEGGINS ""LEOPARD""";€14,90;€13,90;Leopard print tights for women. Material: 85% nylon + 15% spandex;S-L;Leggins;http://s30.postimg.org/dptoth2b5/LEGGINS_LEOPARD_14_90.jpg
"LEGGINS ""PUNK CUT"", PINK";€14,90;;Stylish leggins.  Material: 85% nylon + 15% spandex;S-L ;Leggins;http://s30.postimg.org/gveajokxd/LEGGINS_PUNK_CUT_PINK_14_90.jpg
LEGGINS BLACK;€19,90;;Leggins black . ;S/M ;Leggins;http://s30.postimg.org/jt6nzn375/LEGGINS_BLACK_19_90.jpg
