Image;Name;Price;Sale;info;size;type
http://s29.postimg.org/az2rhd0qf/5_LACE_LYCRA_SHEER_STAY_UP_THIGH_HIGH_11_90.jpg;5 LACE LYCRA SHEER STAY UP THIGH HIGH;€11,9;;5 Lace Lycra Sheer Stay Up Thigh High ;ONE;Stockings And Garters
http://s29.postimg.org/ledj40nav/ADORE_ME_STOCKINGS_BLACK_32516900299_960x1360.jpg;ADORE ME STOCKINGS, BLACK;€19,9;;Fishnet hold up stockings with wide, red, lace cuffs and back seam. ;S/L;Stockings And Garters
http://s29.postimg.org/9zh1zeayf/AVANT_PREMIERE_GARTER_BELT_9_90.jpg;AVANT-PREMIERE GARTER BELT;€9,9;; Avant-Premiere Garter Belt. Material: acrylic and lace. Color: black.;ONE;Stockings And Garters
http://s29.postimg.org/b0haoirxz/BACK_SEAM_FISHNET_STOCKINGS_lc7929_6_90.jpg;BACK SEAM FISHNET STOCKINGS;€6,9;;Lycra lace top fishnet thigh highs with backseam and silicon top. It’s very breathable and cool to complete the ensemble. Fishnet stockings are retro and everlasting chic to show women’s long curvy legs that absoutely include this Back Seam Fishnet Stockings.;ONE;Stockings And Garters
http://s29.postimg.org/6twg96sc7/BASQUE_SET_S_L_22_00.jpg;BASQUE SET S-L;€11,9;;Lycra lace top Fishnet Thigh Highs with backseam and silicon top. One size. Material : Nylon+ cottons ;ONE;Stockings And Garters
http://s29.postimg.org/ep6zo01yv/BLACK_2_PCS_SHEER_FLORAL_LACE_GARTER_BELT_SET_15.jpg;BLACK 2PCS SHEER FLORAL LACE GARTER BELT SET;€22;;Basque, string and matching stockings with stripes. Black. 100% polyamide.  ;ONE;Stockings And Garters
http://s29.postimg.org/euaqxo99z/BLACK_CUBAN_HEEL_THIGH_HIGH_STOCKING_8_90.jpg;BLACK CUBAN HEEL THIGH HIGH STOCKING;€15,9;;"Seductive strings subtly sewed on the precious lace to fix the moving suspenders! With silky wide ribbon detail on the front and lace-up design to adorn the back! Made by sheer floral lace, Black 2pcs Sheer Floral Lace Garter Belt Set is extremely sultry and tempting. This piece adds extra sexy look and feeling. Features •2pcs set includes a pair of sexy panties and garters •Made by soft sheer fabric, comfortable to wear in summer •The black floral lace lends much sexiness and elegance •It is a excellent bargain that flaunts your sexiness greatly. Color : Black.";M ;Stockings And Garters
http://s29.postimg.org/upzl0yzuf/BLACK_FAUX_LEATHER_WETLOOK_VINYL_FETISH_STOCKING.jpg;BLACK FAUX LEATHER WETLOOK VINYL FETISH STOCKINGS;€11,9;;Many customers have found that Black Faux Leather WetLook Vinyl Fetish Stockings are great values. The smooth faux leather lights its shinny look and give it a perfect soft fit.  ;ONE;Stockings And Garters
http://s29.postimg.org/gxl65c92v/BLACK_FISHNET_STOCKINGS_8_90.jpg;BLACK FISHNET STOCKINGS;€8,9;;Sexy high stockings together with wide lace top clothes. Material: 88% Nylon, 12% Spandex. ;ONE;Stockings And Garters
http://s29.postimg.org/mobcj2h2v/BLACK_GARTER_BELT_STRING_S_M_18_90.jpg;BLACK GARTER BELT + STRING S/M;€18,9;;Black lace garter belt. Have original clasp on the front. Included string. Material: 90% Polyester, 10% Elastan;ONE;Stockings And Garters
http://s29.postimg.org/rgpr8914n/BLACK_HIGH_THIGH_STOCKINGS_lb13042_7_95.jpg;BLACK HIGH THIGH STOCKINGS;€7,95;;Color: black ;ONE;Stockings And Garters
http://s29.postimg.org/wqupzjldj/BLACK_LACE_GARTER_BELT_12_90.jpg;BLACK LACE GARTER BELT;€12,9;€8,9;100%polyester made of this Black Lace Panty Apron Garter Belt with elasticized waistline. The lace hem fishnet stockings sold independent. Cost-effective and perfect to match any piece of your sexy costume and lingerie in the wardrobe since black is an all-match color. ;ONE;Stockings And Garters
http://s29.postimg.org/tiq8mhz3r/BLACK_LACE_GARTER_BELT_AFFAIR_14_90.jpg;"BLACK LACE GARTER BELT ""AFFAIR""";€14,9;€8,9;Lace affair garter belt with adjustable back and satin bow detail.  Material: lace. Color: black.;S/M;Stockings And Garters
http://s29.postimg.org/oua8rb9x3/BLACK_LACE_TOP_FISHNET_STOCKINGS_lb13022_8_90.jpg;BLACK LACE TOP FISHNET STOCKINGS;€8,9;;Color: black ;ONE;Stockings And Garters
http://s29.postimg.org/7am99d5h3/BLACK_LEVEL_SUSPENDER_BELT_17_95.jpg;BLACK LEVEL - SUSPENDER BELT;€17,95;;Pitch black and glossy suspender belt with rear elastic strap for a perfect fit. Comes with six adjustable suspender straps. 50% polyester, 50% polyurethane.;S|M|L ;Stockings And Garters
http://s29.postimg.org/8xbgulhiv/BLACK_LEVEL_VINYL_SUSPENDER_BELT_25_30.jpg;BLACK LEVEL - VINYL SUSPENDER BELT;€25,3;;Extra wide, glossy black suspender belt with front buckles and a double hook-and-eye closure in the back. With boning. Four adjustable suspenders. 100% polyester, with polyurethane-coating. ;S|L;Stockings And Garters
http://s29.postimg.org/whx59m8l3/BLACK_NET_STAY_UPS_13_90.jpg;BLACK NET STAY-UPS;€13,9;;The classic style! Fashionable fishnet stay-ups with deluxe self-supporting lace top. 100% polyamide ;S|M|L ;Stockings And Garters
http://s29.postimg.org/de3tt9vqv/BLACK_NET_STOCKING_WITH_WHITE_LACE_b_20130201064.jpg;BLACK NET STOCKING WITH WHITE LACE;€9,9;;Black net Stocking with white lace . Material: Acrylic + Spandex . ;S/L;Stockings And Garters
http://s29.postimg.org/6rlrdu3g7/BLACK_OVER_KNEE_STOCKINGS_9_90.jpg;BLACK OVER KNEE STOCKINGS;€9,9;;Fantastic Black Over Knee Stockings with sexy open backside.  Very attractive looks - you will be just irresistible ! 90% Polyamide, 10% Elastane;ONE;Stockings And Garters
http://s29.postimg.org/yc9zrcvlj/BLACK_SHEER_PANTYHOSE_WITH_POTHOLE_PATTERN_black.jpg;BLACK SHEER PANTYHOSE WITH POTHOLE PATTERN;€5,95;;Do you have a pair of beautiful legs? Do you want to show them? Come on! Black Sheer Pantyhose With Pothole Pattern must be the best enhancer of your slender legs! These sheer pantyhose feature a pothole patterned print that go perfectly with any skirt. Material : spandex+nylon ;S-L;Stockings And Garters
http://s29.postimg.org/rn3gbca9j/BLACK_SHEER_STOCKINGS_8_90.jpg;BLACK SHEER STOCKINGS;€8,9;;A pair of simply patterned stockings made of sheer fabrics have a natural look and feel of sensuality.  Material: 88% Nylon, 12% Spandex. ;ONE;Stockings And Garters
http://s29.postimg.org/kmk1waxvb/BLACK_SHEER_THIGH_HIGH_black_sheer_thigh_high_lc.jpg;BLACK SHEER THIGH HIGH;€9,9;;Material: 100% polyester ;S-L;Stockings And Garters
http://s29.postimg.org/pz8waflrr/BLOOM_PRINT_LACE_PANTYHOSE_5_95.jpg;BLOOM PRINT LACE PANTYHOSE;€5,95;;Black, micro net pantyhose with a flirty, floral bloom print lace pattern. Not only alluring on appearance, but also with high quality, this floral lace pantyhose could be worn for quite a long time yet very friendly to the legs. Wonderful pantyhose to pair with any dress, skirt or shorts. Material : spandex+nylon ;S-L;Stockings And Garters
http://s29.postimg.org/8ah5ita0n/BRA_AND_GARTER_BELT_SET_BLACK_39_90.jpg;BRA AND GARTER BELT SET, BLACK;€39,9;;Bra and garter belt set . Color: black. decorated with silver ornaments.;S|M|L|XL;Stockings And Garters
http://s29.postimg.org/i9245ajg7/CAPTURE_ME_BLACK_HOLD_UP_STOCKINGS_17_90.jpg;CAPTURE ME BLACK HOLD UP STOCKINGS;€17,9;;CAPTURE ME BLACK HOLD UP STOCKINGS .Material: 83% Polyamide, 17% Elastane;L/XL;Stockings And Garters
http://s29.postimg.org/rw5mf0cfr/CHARMING_STRETCHY_LACE_CHEMISE_GARTER_SET_22_90.jpg;CHARMING STRETCHY LACE CHEMISE GARTER SET;€22,9;;Made from a soft stretch poly fabric, lace surface design with a contrast underlay, this chemise with garter flatters the wearer a curvy figure. Plunge scoop neckline and adjustable straps, contrast piping detailing front. The garter belt holds your stockings in place to make you sexy without any trouble. Material : Polyester+Spandex. ;ONE;Stockings And Garters
http://s29.postimg.org/tch4x5fcn/CHIC_LACE_TOP_THIGH_HIGH_TRANSPARENT_STOCKINGS_s.jpg;CHIC LACE TOP THIGH HIGH TRANSPARENT STOCKINGS;€9,9;;Sleek touch, transparent look and exquisite design! This pair stockings with great care made is good elastic to fit any shape legs, and the see-through fabric makes female’s legs look more slender and sexier. The lace top adds feminine taste and extra sexy charm. Great stretch, novelty, sexy and long-lasting!;ONE;Stockings And Garters
http://s29.postimg.org/kvhmm8anr/COTTELLI_COLLECTION_STOCKINGS_25400101641_1_19.jpg;COTTELLI COLLECTION STOCKINGS;€19,9;;Lace top size (approx.): 14 cm.  Material: 85% polyamide, 15% elastane.;5|6|7;Stockings And Garters
http://s29.postimg.org/m6pdup69j/COTTELLI_COLLECTION_WHITE_STOCKINGS_cottelli_co.jpg;COTTELLI COLLECTION WHITE STOCKINGS;€11,9;;Cottelli Collection white stockings ;4.5;Stockings And Garters
http://s29.postimg.org/ydoiyimt3/CROTCHLESS_LACE_BOYLEG_W_REMOV_GARTERS_M_L_19.jpg;CROTCHLESS LACE BOYLEG W. REMOV. GARTERS M/L;€19,9;;Crotchless Lace Boyleg with Removeable Garters.Color Black/Pink . ;M/L|S/M;Stockings And Garters
http://s29.postimg.org/fmr723hmf/CROTCHLESS_RUMBA_BOYSHORT_16_90.jpg;CROTCHLESS RUMBA BOYSHORT;€16,9;;Crotchless Rumba Ruffle Boyshort, boyshort panties with bow detail, attached garters and an open crotch. ;ONE;Stockings And Garters
http://s4.postimg.org/n74enykj1/ELECTRIC_LINGERIE_STOCKINGS_VERTICAL_STRIPES_7.jpg;ELECTRIC LINGERIE STOCKINGS, VERTICAL STRIPES;€12,9;;Electric Lingerie Stockings, vertical stripes, colour black. Material: 100% Nylon;ONE;Stockings And Garters
http://s4.postimg.org/tv10ak419/ENTICINGLY_BELT_PURPLE_XXL_XXXL_24_90.jpg;ENTICINGLY BELT PURPLE XXL/XXXL;€24,9;;Seducing Lace Suspender Belt . Color: purple. Material: 90% polyamide, 10% elasthan. ;XXL/XXXL;Stockings And Garters
http://s4.postimg.org/94ih8zf59/EROTIC_OPEN_BRA_SET_WITH_SUSPENDERBELT_S_M_24_90.jpg;EROTIC OPEN BRA SET WITH SUSPENDERBELT S/M;€24,9;;In our new collection - an explosion of sensuality and eroticism! Surprise to your man! He will be delighted! Extremely sexy and provocative set ! SET INCLUDES: bra uncover breast and the strings attached to a suspender belt. This exclusive Set is made of nice to touch material in small hearts,it is adorned with sweet ribbon. Delivered in glossy, bordo gift box.;S/M ;Stockings And Garters
http://s4.postimg.org/7kd5al6r1/FASHION_FIGURED_HOSE_8_90.jpg;FASHION FIGURED HOSE;€8,9;;Fashion Figured Hose. One size. ;ONE;Stockings And Garters
http://s4.postimg.org/qs0a76p2l/FASHION_PANTYHOSE_FISHNET_9_90.jpg;FASHION PANTYHOSE FISHNET;€9,9;;Fashion Pantyhose. ;ONE;Stockings And Garters
http://s4.postimg.org/s8bspbrzh/FASHION_STOCKING_BLACK_11_90.jpg;FASHION STOCKING BLACK;€11,9;;Fashion Stocking ;ONE;Stockings And Garters
http://s4.postimg.org/5ngf60g31/FASHION_STOCKING_WITH_POLICE_BADGE_12_90.jpg;FASHION STOCKING WITH POLICE BADGE;€12,9;;Fashion Stocking with Police Badge. One size. ;ONE;Stockings And Garters
http://s4.postimg.org/9ijt8kz8t/FEEL_ME_WHITE_STOCKING_XL_XXL_15_90.jpg;FEEL ME WHITE STOCKING XL/XXL;€15,9;;Brand KissMe . Material 100% Polyamide;XL/XXL;Stockings And Garters
http://s4.postimg.org/y1qg3mt0t/FENCE_STOCKINGS_WITH_GARTERS_8_95.jpg;FENCE STOCKINGS WITH GARTERS;€8,95;;Fence stockings with garters . Adjustable garter belt with bow detail. Material : 88%nylon+12%spandex.;ONE;Stockings And Garters
http://s4.postimg.org/s22ozz88d/FISHNET_STOCKINGS_10_90.jpg;FISHNET STOCKINGS;€10,9;;Delicate black fishnet stockings with a lace top.  100% polyamide.;S-L;Stockings And Garters
http://s4.postimg.org/6uyybyvl9/FISHNET_STOCKINGS_WITH_LACE_TOP_RED_8_90.jpg;FISHNET STOCKINGS WITH LACE TOP, RED;€8,9;;Hand wash warm, only no-chlorine bleach when needed, drip dry, do not iron. ;ONE;Stockings And Garters
http://s4.postimg.org/vzpypdv1p/FISHNET_STOCKINGS_WITH_LACE_TOP_WHITE_8_90.jpg;FISHNET STOCKINGS WITH LACE TOP, WHITE;€8,9;;Fishnet Stockings with Lace Top. Hand wash warm, only no-chlorine bleach when needed, drip dry, do not iron.;ONE;Stockings And Garters
http://s4.postimg.org/m7ip5zur1/FISHNET_THIGH_HIGH_06_2_8_90.jpg ;FISHNET THIGH HIGH;€8,9;;Material: 100% nylon ;S/L;Stockings And Garters
http://s4.postimg.org/h6bb4mnal/FISHNET_THIGH_HIGH_QUEEN_SIZE_03_10_90.jpg;FISHNET THIGH HIGH - QUEEN SIZE;€10,9;;Material: 100% nylon ;L/XL;Stockings And Garters
http://s4.postimg.org/nlac1au0d/FLORAL_KEYHOLE_STOCKINGS_WITH_ATTACHED_GARTER_BE.jpg;FLORAL KEYHOLE STOCKINGS WITH ATTACHED GARTER BELT;€8,9;;A great essential of wardrobe to pair with any sexy dress and skirt, you sure look much more perfect with this accessory. G string not included.Material: Nylon, Spandex ;ONE;Stockings And Garters
http://s4.postimg.org/83mtxlnjh/GARTER_BELT_WHITE_AND_BLACK_11_90.jpg;"GARTER BELT ""WHITE AND BLACK""";€11,9;€8,9;Beautiful black and white lace garter belt. ;ONE;Stockings And Garters
http://s4.postimg.org/rzitd54kt/GRAB_ME_STOCKINGS_S_L_32973390254_960x1360_1_15.jpg;GRAB ME STOCKINGS, S/L;€15,9;;Material: 90% polyamide, 10% elasthan ;S/L;Stockings And Garters
http://s4.postimg.org/7gsiltg19/HOLD_UP_STOCKINGS_M_L_3264970107_700x700_13_90.jpg;HOLD-UP STOCKINGS M/L;€13,9;;92% Polyamide, 8% Elasthane ;M/L;Stockings And Garters
http://s4.postimg.org/99vfa517x/KINKY_TIGHTS_sukaddd_14_90.jpg;KINKY TIGHTS;€14,9;;Black net patterned tights with diffuse hole design. Reinforced toes. 90% polyamide, 10% elastane. ;S-L;Stockings And Garters
http://s4.postimg.org/lps53vujx/LACE_SATIN_GARTER_SKIRT_WITH_ATTACHED_G_STRING.jpg;LACE SATIN GARTER SKIRT WITH ATTACHED G-STRING;€8,9;;Very exotic satin garter skirt enhanced with lace trim. It’s very sensual with the attached g-string which could be worn independent in the sexy  private time, and it also could be matched with other sexy clothes as spicy addition.Color black. Material : polyester + spandex.;S-L;Stockings And Garters
http://s4.postimg.org/6ic5jj2p9/LACE_TOP_SHEER_GARTERBELT_WHITE_9_90.jpg;LACE TOP SHEER GARTERBELT WHITE;€9,9;;Lace garterbelt with attached sheer lace top thigh highs will look super sexy with any outfit or worn alone! Super soft material. Panty not included. Color: White. Material: 100% Nylon.;S-L;Stockings And Garters
http://s8.postimg.org/shwdtkqqt/STOCKINGS_NYLONS_BROWN_14_95.jpg;"STOCKINGS ""NYLONS"" BROWN";€14,95;;Noble and absolutely erotic! Pretty with heel and seam. 100% polyamide. ;2|3|4 ;Stockings And Garters
http://s8.postimg.org/ox0iacm79/STOCKINGS_RETRO_15_90.jpg;"STOCKINGS ""RETRO""";€15,90;;Perfectly shaped stockings with a black Cuban heel and a back seam.  Colour: black. Material: 100% polyamide.;2.3;Stockings And Garters
http://s8.postimg.org/bwordwzmt/STOCKINGS_SKIN_8_95.jpg;STOCKINGS SKIN;€8,95;;Matt glossy stockings with a double-layered top. Preformed, to clip on.  Skin-coloured. 85% polyamide, 15% spandex.;2.3;Stockings And Garters
http://s8.postimg.org/urki4bzol/SUSPENDER_4_EVER_YOUNG_27_90.jpg;"SUSPENDER ""4EVER YOUNG""";€27,90;;Crotchless suspender thong with lace waist band, ruffle detail and satin bow. Material: 85% Polyamide, 15% Elastane;L/XL| S/M;Stockings And Garters
http://s8.postimg.org/kmqwbvnfp/SUSPENDER_S_L_17_90.jpg;SUSPENDER S-L;€17,90;;Suspender S-L ;ONE;Stockings And Garters
http://s8.postimg.org/p7d2qt751/SUSPENDER_SET_WHITE_19_90.jpg;SUSPENDER SET;€19,90;;Black lace suspender belt with adjustable suspenders. Simple black stockings included. 100% polyamide. ;M/L|S/M;Stockings And Garters
http://s8.postimg.org/zb1smynvp/SUSPENDER_SET_19_90.jpg;SUSPENDER SET, WHITE;€19,90;;White is said to be that innocent, but nevertheless, this set is pure erotic! White lace suspender belt with adjustable suspenders. Simple white stockings included. 100% polyamide. ;M/L|S/M;Stockings And Garters
http://s8.postimg.org/53tgerf51/TAME_ME_STOCKING_XL_XXL_32014660254_960x1360_19.jpg;TAME ME STOCKING, XL/XXL;€19,90;;Hold up stockings with zigzag pattern and wide, plain cuffs.Material: 85% polyamide, 15% elasthan;ONE;Stockings And Garters
http://s8.postimg.org/7jv9slx7p/THIGH_HIGHS_11_90.jpg;THIGH HIGHS;€11,90;;Opaque sheer mesh with sophisticated rear fish net details. 100% polyamide.;M/L;Stockings And Garters
http://s8.postimg.org/3q1tjgfvp/TIGHTS_KITTEN_32316440299_960x1360_23_90.jpg;"TIGHTS ""KITTEN""";€23,90;;Well stretchy and beautifully shiny tights. Material: 85% polyester, 15% elastane. Color: Black ;ONE;Stockings And Garters
http://s8.postimg.org/9tje3d65h/WEDDING_FASHION_STOCKINGS_11_90.jpg;WEDDING FASHION STOCKINGS;€11,90;;Innocent and seductive in white, these Wedding Fashion Stockings are styled in sheer ten denier nylon with intricate lace trims across the top,  which also features a bow with two chains of beads. These elegant stockings will complete any beautiful bridal ensemble. Material : Nylon.  Color withe.;ONE;Stockings And Garters
http://s8.postimg.org/justqf8md/WHITE_HOLD_UP_FISHNET_STOCKINGS_15_90.jpg;WHITE HOLD-UP FISHNET STOCKINGS;€15,90;;HOLD-UP FISHNET STOCKINGS . Color: white. Material: polyamid;S/M|L/XL;Stockings And Garters
http://s8.postimg.org/3v5kt4n6t/WHITE_JACQUARD_STOCKINGS_11_90.jpg;WHITE JACQUARD STOCKINGS;€11,90;;Jacquard Stockings are the perfect combination of sexy and fashion. The super stretchy nylon keeps their shape with repeated wear. They are  stretchy yet close-fitting; flattering yet sexy. You will feel comfy while dressing them. Material : 88%Polyester+12%Spandex. Color white.;ONE
http://s8.postimg.org/8whk88k11/WHITE_LACE_FISHNET_STOCKING_9_90.jpg;WHITE LACE FISHNET STOCKING;€9,90;;These are our widest mesh pattern option and are made of a Nylon/acrylic/spandex blend. Flexible as they are comfortable these Lace Fishnet Stockings are a must-have. Material : Acrylic+ Spandex;ONE;Stockings And Garters
http://s8.postimg.org/3mclgxzs5/WHITE_LACE_GARTER_BELT_AFFAIR_14_90.jpg;"WHITE LACE GARTER BELT ""AFFAIR""";€14,90;€8,90;Lace affair garter belt with adjustable back and satin bow detail. Material: lace. Color: white.;S-L;Stockings And Garters
http://s8.postimg.org/v0rq5486d/WHITE_LACE_STOCKINGS_10_90.jpg;WHITE LACE STOCKINGS;€10,90;;Over the knee with lace hem finished. Lace Stockings is bound to give you a touch of gentle and feminity that every girl desires. It will protect  your legs from the burning sun and potray the curvy silhoutte. Material : Acrylic+ Spandex.;ONE;Stockings And Garters
http://s8.postimg.org/fqruxxco5/WITHE_NET_STOCKINGS_9_90.jpg;WITHE NET STOCKINGS;€9,90;;Brides-to-be, you will get a great deal of entertaining although choosing attractive garter belts and also attractive upper leg high stockings. Material : Acrylic+ Spandex.;ONE;Stockings And Garters
http://s8.postimg.org/c7nu7pmjp/LARGE_FLORAL_PATTERN_GARTER_STOCKINGS_8_90.jpg;LARGE FLORAL PATTERN GARTER STOCKINGS;€8,90;;These sexy, floral pattern stockings feature an attached, matching garter belt. Material: Nylon, Spandex;ONE;Stockings And Garters
http://s8.postimg.org/fpzu43nfp/LIGHT_COLORED_STOCKINGS_9_90.jpg;LIGHT-COLORED STOCKINGS;€9,90;;Sexy sheer tigh highs with stockings contrast top. ;S-L;Stockings And Garters
http://s8.postimg.org/v53gkyq91/MINI_SKIRT_WITH_GARTER_BELT_9_90.jpg;MINI SKIRT WITH GARTER BELT;€9,90;;Great value accessory for your sexy lingerie and costumes in sexy sensual details, this Slut Mini Skirt with Garter Belt features sexy layered mini skirt with enticing sheer look and a bit ruffled trim, attached garter belt and G-string. The sexy stockings of model wearing not included. ;ONE;Stockings And Garters
http://s8.postimg.org/byq9hs9r9/NET_STAY_UPS_13_00.jpg;NET STAY-UPS;€13,00;;Stay-ups with a lace top and a frill running up the back of the leg.  100% polyamide.;L|M|S;Stockings And Garters
http://s8.postimg.org/812zsdmxx/NET_STAY_UPS_BLACK_15_90.jpg;NET STAY-UPS BLACK;€15,90;;Pure erotic! Black seamless net stay-ups, strengthened with silicone underneath the 4 cm wide lace top. 83% polyamide, 17% elastane. ;N2| N3;Stockings And Garters
http://s8.postimg.org/3qobwshut/NO_STRESS_RED_LACE_TOP_STOCKINGS_lb13034_13_90.jpg;NO STRESS RED LACE TOP STOCKINGS;€13,90;;Color: black/red ;ONE;Stockings And Garters
http://s8.postimg.org/eilwbvxb9/NO_STRESS_STOCKINGS_WITH_RED_BOW_lb13035_13_90.jpg;NO STRESS STOCKINGS WITH RED BOW;€13,90;;Color: black ;ONE;Stockings And Garters
http://s8.postimg.org/hquz2o8yt/PUNAST_V_RVI_SUKAD_3_9_9_11_90.jpg;PUNAST VÄRVI SUKAD;€11,90;;Crackling erotic! As red as love and as sinfully pleasant as temptation! These preformed suspender stockings are an erotic eyecatcher. With 8 cm wide lace top. Colour: red. Material: 95% polyamide, 5% elastane.;2|3|4|5;Stockings And Garters
http://s8.postimg.org/yh6cs07dx/RED_GARTER_BELT_STRING_S_M_18_90.jpg;RED GARTER BELT + STRING S/M;€18,90;;Red lace garter belt. Have original clasp on the front. Included string. Material: 90% Polyester, 10% Elastan. ;ONE;Stockings And Garters
http://s8.postimg.org/qzx5cshut/RED_LACE_GARTERBELT_AFFAIR_14_90.jpg;"RED LACE GARTERBELT ""AFFAIR""";€14,90;€8,90;Lace affair garter belt with adjustable back and satin bow detail. Material: lace . Color: red.;S-L;Stockings And Garters
http://s8.postimg.org/a1y4qy8h1/RED_LACE_TOP_STOCKINGS_lb13012_8_90.jpg;RED LACE TOP STOCKINGS;€8,90;;Color: red ;ONE;Stockings And Garters
http://s8.postimg.org/5u3ci771h/RENE_ROFE_QUARTER_CROTCHET_NET_THIGHS_8029_10_90.jpg;RENE ROFE QUARTER CROTCHET NET THIGHS;€10,90;;Material: 100% nylon ;ONE;Stockings And Garters
http://s8.postimg.org/sk2hb6q91/RIBBON_TOP_FISHNET_THIGH_HIGHS_8_90.jpg;RIBBON TOP FISHNET THIGH HIGHS;€8,90;;Ribbon Top Fishnet Thigh Highs ;ONE;Stockings And Garters
http://s8.postimg.org/q40nxc86d/RISQUE_CROTCHLESS_BOYLEG_PANTY_WITH_GARTERS_12.jpg;RISQUE CROTCHLESS BOYLEG PANTY WITH GARTERS;€12,90;€8,90;Risque Crotchless Boyleg Panty with Garters made from the finest quality stretchy fabric. Features sexy sophistication in this pinstripe boyleg panty design with adjustable garter straps. ;ONE;Stockings And Garters
http://s8.postimg.org/k5mun3p7p/RUFFLED_MESH_SKIRT_WITH_SUSPENDER_LOOPS_13_90.jpg;RUFFLED MESH SKIRT WITH SUSPENDER LOOPS;€13,90;€8,90;Sexy flirty! This Ruffled Mesh Skirt with Suspender Loops features to-be-noticed designs that includes black spots mesh apron skirt with flirty vaulted ruffle hem and attached garters with bows, and sheer G-string. Stockings not included. ;ONE;Stockings And Garters
http://s8.postimg.org/yasnowy91/SATIN_CROTCHLESS_THONG_WITH_RUFFLE_AND_GARTER_13.jpg;SATIN CROTCHLESS THONG WITH RUFFLE AND GARTER;€13,90;;Sumptuous Satin Crotchless Thong with Ruffle and Garter, made from the finest quality soft stretchy fabric. Features satin fabric with a lustrous finish, open crotch design, delicate ruffle trim and adjustable attached garters. Material : 100%Polyester. Color pink/black.;ONE;Stockings And Garters
http://s8.postimg.org/if3tlm7ol/SAWTOOTH_LACE_MINI_DRESS_9_95.jpg;SAWTOOTH LACE MINI DRESS;€9,95;;Sawtooth lace mini dress with garter belts . Adjustable garter belt with bow detail. Material : 88%nylon+12%spandex.;ONE;Stockings And Garters
http://s8.postimg.org/6emyympnp/SEXY_LACE_APRON_GARTER_BELTS_8_95.jpg;SEXY LACE APRON GARTER BELTS;€8,95;;Sexy lace apron garter belts . Adjustable garter belt with bow detail. Material : 88%nylon+12%spandex.;ONE;Stockings And Garters
http://s8.postimg.org/s2bx92q1x/SEXY_STAR_NET_WOMEN_PANTYHOSE_t_htedega_sukad_5.jpg;SEXY STAR NET WOMEN PANTYHOSE;€5,90;;Sexy black net pantyhose with an allover star weave.  Your legs will look more shapely and sexier in the pantyhose.(Skirt and heels not included.). Material : spandex + nylon;ONE;Stockings And Garters
http://s8.postimg.org/9f3tf60yt/SEXY_STRING_WITH_SUSPENDERS_WHITE_21_90.jpg;SEXY STRING WITH SUSPENDERS WHITE;€12,90;€8,90;Seductive string from precious lace with sewed on, moving suspenders! With sweet satin-bows at the front side! Made by sheer lace, Sexy String With Suspenders Lingerie is extremely sultry and tempting. This piece adds extra sexy look and feeling. Show yourself with dear-lover sexy  intimates! Material : 100% polyester.;ONE;Stockings And Garters
http://s8.postimg.org/foz3260dh/SHEER_LACE_TOP_STOCKINGS_W_WEDDING_BELLS_AND_RIB.jpg;SHEER LACE TOP STOCKINGS W WEDDING BELLS AND RIBBON PATTERN, WHI;€12,90;;Sheer Lace Top Stockings w Wedding Bells and Ribbon Pattern.  White, 100% nylon, , Hand wash warm, only no-chlorine bleach when needed, drip dry, do not iron.;ONE;Stockings And Garters
http://s8.postimg.org/rfd0jjt5x/SHEER_LACE_TOP_STOCKINGS_W_WOWEN_BOWS_AND_FLORAL.jpg;SHEER LACE TOP STOCKINGS W WOWEN BOWS AND FLORAL PATTERN, WHITE;€12,90;;Sheer Lace Top Stockings w Wowen Bows and Floral Pattern, white . 100% nylon, ,;ONE;Stockings And Garters
http://s8.postimg.org/42ez11d2d/SHEER_PANTYHOSE_WITH_RHINESTONES_QUEEN_SIZE_10_9.jpg;SHEER PANTYHOSE WITH RHINESTONES QUEEN SIZE;€10,90;;Material- 100 % Nylon ;X1-X3;Stockings And Garters
http://s8.postimg.org/a5wjky3c5/STANCE_BONDAGE_OVER_THE_KNEE_TIGHTS_9_95.jpg;STANCE BONDAGE OVER THE KNEE TIGHTS;€9,95;;Super Thin! Stance Bondage Over the knee Tights is extremely silky and breathable. Its sophisticated design deeply enchants countless female  come to us. Material : 100% Polyester. Color black. ;ONE;Stockings And Garters
http://s8.postimg.org/72vthkodh/STAY_UP_FENCE_NET_STOCKINGS_11_90.jpg;STAY-UP FENCE NET STOCKINGS;€11,90;;Stay-up fence net stockings with 10 cm stretch lace tops. One size. Material : Acrylic+Spandex ;ONE;Stockings And Garters
http://s8.postimg.org/3w5vbotb9/STAY_UPS_BLACK_15_90.jpg;STAY-UPS, BLACK;€15,90;;Black stay-ups with a lace top and a flamboyant seam running up the back of the leg.  With a silicone-strengthened top for a perfect and non-slip fitting. 100% polyamide. ;S|M|L ;Stockings And Garters
http://s8.postimg.org/t0wvp3srp/STAY_UPS_BLACK_WITH_EXTRA_WIDE_LACE_13_90.jpg;STAY-UPS, BLACK WITH EXTRA WIDE LACE;€13,90;;Romantic elegance for your legs! Theses hold ups complete each erotic look. Black with extra wide lace. Beautiful micro-stretch-quality. 88% Polyamid, 12% Elasthan.;1.3;Stockings And Garters
http://s8.postimg.org/jrupezjvp/STAY_UPS_WHITE_9_90.jpg;STAY-UPS, WHITE;€9,90;;Glossy satin sheers- in stretch quality and with a lace top. Colour: white.;4.5;Stockings And Garters
http://s8.postimg.org/wx5m7codh/STAY_UPS_RED_2_2222_9_1_1_10_90.jpg;STAY-UPS - RED;€10,90;;Material: 100% polyamide. ;S|M|L|XL;Stockings And Garters
http://s8.postimg.org/4a77badet/STAY_UPS_2_IN_1_14_90.jpg;STAY-UPS 2-IN-1;€14,90;;The 2-in-1 look for your legs: Stay-ups made of opaque and net material in one! Opaque from foot to knee, above with rough net. Lace top  strengthened with silicone.  92% polyamide, 8% spandex.;S/M| M/L;Stockings And Garters
http://s8.postimg.org/u8athbiw5/STAY_UPS_BLACK_RED_14_95.jpg;STAY-UPS BLACK/RED;€14,95;;Black stay-ups with a red satin ribbon. In the back with a red satin ribbon to tie and a silicone-strengthened top for a perfect fitting! 100%  polyamide.;S|M|L ;Stockings And Garters
http://s8.postimg.org/5gb7a31ph/STAY_UPS_BLACK_WHITE_10_90.jpg;STAY-UPS BLACK/WHITE;€10,90;;Net stay-ups with a waved silicone lace top and trimmed with a satin frill.  Black/rose. 100% polyamide.;L/M;Stockings And Garters
http://s8.postimg.org/gq3x516qt/STAY_UPS_CLASSIC_16_90.jpg;STAY-UPS CLASSIC;€16,90;;The classic one! Black stay-ups with lace top, Cuban heel and back seam. 90% polyamide, 10% elastane.;01/05/15;Stockings And Garters
http://s8.postimg.org/ymjat5tgl/STAY_UPS_LEO_3_14_95.jpg;"STAY-UPS ""LEO"" 3";€14,95;;These black stay-ups with a silicone-strengthened top in leo design.  With the German Öko-Tex Standard certificate (textile trust). 90% polyamide, 10% spandex.;2|3|4|5;Stockings And Garters
http://s8.postimg.org/cxkepar8l/STAY_UPS_S_11_95.jpg;STAY-UPS S;€11,95;;White mesh stockings with silicone-strengthened lace top for a perfect fit.  100% polyamide.;S|M|L ;Stockings And Garters
http://s8.postimg.org/43ti8749x/STAY_UPS_WITH_RED_SATIN_RIBBONED_TOP_sukad_1_15.jpg;STAY-UPS WITH RED SATIN RIBBONED TOP;€15,90;;Adds drama to any leg - black net-patternd stay-ups with a back seam and a red satin ribboned top. The stockings have a silicone top for a perfect stay-up. Material: 90% polyamide, 10% elastane. ;S/M| M/L;Stockings And Garters
http://s8.postimg.org/ymnw6wiud/STOCKINGS_07_16_90.jpg;STOCKINGS;€16,90;;Material: 100% polyamide ;S/M;Stockings And Garters
http://s8.postimg.org/6qdm2vkv9/STOCKINGS_8_90.jpg;STOCKINGS;€9,90;;Material: nylon ;S-L;Stockings And Garters
http://s8.postimg.org/8gwn4d2ed/STOCKINGS_b_20120428170352_9_90.jpg;STOCKINGS;€8,90;;The net-pattern is an exciting eye-catcher. With heel. Top quality, skin-tight. 94% Polyamid, 6% Elasthan;3|4|5;Stockings And Garters
http://s8.postimg.org/nxa7en71h/STOCKINGS_HOLD_UPS_11_90.jpg;"STOCKINGS ""HOLD UPS""";€11,90;;15den hold up stockings. ;S|M|L ;Stockings And Garters