"BABYDOLL ""CAUGHT IN THE ACT""";€39,90;;"Make yourself irresistible with this beautiful slightly transparent babydoll.  String included
Material: 100% Polyamide
Color: black";XL/XXXL;Queen Size;http://s23.postimg.org/3x10fzxaz/BABYDOLL_CAUGHT_IN_THE_ACT_39_90.jpg
"BABYDOLL ""DOUBLE""";€23,90;;"Double layer ruffle mesh babydoll with lycra binding shoulder straps.  Features bow and lace trim detail and matching G-String.
Material: acrylic + spandex
Color: pink
";XXL ;Queen Size;http://s23.postimg.org/kuvfo3haz/BABYDOLL_DOUBLE_23_90.jpg
"BABYDOLL ""DREAMY GIRL""";€45,90;;Make yourself irresistible with this beautiful slightly transparent babydoll.  String included Material: 90% Polyester 10% Elastane Color: red;L/XL| XXL/XXXL;Queen Size;http://s23.postimg.org/hlh0hmt7f/BABYDOLL_DREAMY_GIRL_45_90.jpg
"BABYDOLL ""FISHNET""";€23,90;;"Babydoll with fishnet over lycra push-up molded underwire cups, decorative studded trim,  center back hook & eye closure with keyhold opening and adjustable straps. 
Features matching fishnet over lycra G-String with studded trim.
Material: fishnet + lycra.
Color: as shown
";XXXL;Queen Size;http://s23.postimg.org/gx85youhn/BABYDOLL_FISHNET_23_90.jpg
"BABYDOLL ""GLOSSY""";€19,90;;"Very elegant and silky for its first-class fabric. Delicate black buttons in middle and wave bust trim, matching G-string sold included.
Material: Polyester / Nylon
Colour: White";XL/XXL;Queen Size;http://s23.postimg.org/v8w9hc21n/BABYDOLL_GLOSSY_19_90.jpg
"BABYDOLL ""PINK LEOPARD""";€39,90;;"Leopard print babydoll.   Material: 100% polyester. 
Color: as shown";XXL/XXXL;Queen Size;http://s23.postimg.org/bblqumtsr/BABYDOLL_PINK_LEOPARD_39_90.jpg
"BABYDOLL ""PRETTY""";€45,90;;"Make yourself irresistible with this beautiful slightly transparent babydoll.  String included
Material: 90% Polyester 10% Elastane
Color: black";L/XL| XXL/XXXL;Queen Size;http://s23.postimg.org/z6jj6qouz/BABYDOLL_PRETTY_45_90.jpg
"BABYDOLL ""SEXY KITTEN""";€24,90;;"Two-piece Mesh and Metallic Lace Babydoll with padded cups and rhinestone waistline detail.  Babydoll features adjustable straps with bows and asymmetrical skirt opening. 
Includes matching g-string.
Material: Polyester + Spandex
";XXL ;Queen Size;http://s23.postimg.org/q018jgjmj/BABYDOLL_SEXY_KITTEN_24_90.jpg
BLACK BABYDOLL WITH BOW TIE;€19,90;;Get the show started in this sheer stretch lace and mesh babydoll with front bow tie detail and included g string.  Material: lace;XXXL ;Queen Size;http://s23.postimg.org/a4ceg5t23/BLACK_BABYDOLL_WITH_BOW_TIE_19_90.jpg
BLACK BELTED MIDI DRESS;€34,90;;"Black belted midi dress, XXL . Material : 100% Polyester

Color: black

Size: XXL

Length: knee

Sleeveless
";XXL ;Queen Size;http://s23.postimg.org/x4j1shqvv/BLACK_BELTED_MIDI_DRESS_34_90.jpg
BLACK KIMONO-STYLE DRESS XXL;€34,90;;"Black Kimono-style dress XXL . Material : Polyester + Spandex

Color: Black";XXL ;Queen Size;http://s23.postimg.org/9g3jx7ucb/BLACK_KIMONO_STYLE_DRESS_XXL_34_90.jpg
BLACK LACE DRESS, XXL;€34,90;;"Black Lace Dress, XXL . Material : Polyester + Spandex

V-neck

Color: black";XXL ;Queen Size;http://s23.postimg.org/lxa7kdpi3/BLACK_LACE_DRESS_XXL_34_90.jpg
BLACK LACE JUMPSUIT, XXL;€49,90;;"Black lace jumpsuit, XXL . Material : Polyester + Spandex

Color: black
";XXL ;Queen Size;http://s23.postimg.org/nrrnfv1wb/BLACK_LACE_JUMPSUIT_XXL_49_90.jpg
BLACK MAXI DRESS, XXL;€39,90;;"Black maxi dress, XXL . Material : 100% Polyester. Color: black
";XXL ;Queen Size;http://s23.postimg.org/60bfnnx3v/BLACK_MAXI_DRESS_XXL_39_90.jpg
BLACK MINI-DRESS, XXL;€34,90;;"Black mini-dress, XXL . Material : 95% polyester + 5% Spandex

Color: black O-neck

Long sleeve
";XXL ;Queen Size;http://s23.postimg.org/6frauf8ez/BLACK_MINI_DRESS_XXL_34_90.jpg
BLACK SKATER DRESS, XXL;€34,90;;"Black Skater Dress, XXL . Material : Polyester + Spandex

Length: above knee

O-neck

Color: black
";XXL ;Queen Size;http://s23.postimg.org/hgmfzg0nv/BLACK_SKATER_DRESS_XXL_34_90.jpg
BLONDE BOMBSHELL SET, XXL/XXXL;€29,90;;"Blonde Bombshell set:  - Chemise
- G-Strings

Size: XXL/XXXL
Color: black
Material: 90% polyester, 10% elasthan";XXL/XXXL;Queen Size;http://s23.postimg.org/g2ut451ej/BLONDE_BOMBSHELL_SET_XXL_XXXL_29_90.jpg
"BRA ""FANCY&FLIRTY""";€29,90;;"Slightly padded, underwired ¼ cup bra.  Straps adjustable, hook closure in the back. 
Material: 100% polyamide
Color: black
";XL| XXL| XXXL;Queen Size;http://s23.postimg.org/hj6bma4bf/BRA_FANCY_FLIRTY_29_90.jpg
BURLESQUE CORSET SKIRT SET, BLACK, QUEEN SIZE;€36,90;;"Burlesque Corset Skirt Set. The design of the corset creates a perfect classic burlesque look.   It is beautifully designed fashion corset with an open back with adjustable criss cross lacing and 
will hug any body shape and look gorgeous for any occasion.
Materjal: Damask
Color: black";XL/XXL;Queen Size;http://s23.postimg.org/g5eoqz523/BURLESQUE_CORSET_SKIRT_SET_BLACK_QUEEN_SIZE_36.jpg
"CATSUIT ""MIDNIGHT PROWLER"" - QUEEN SIZE";€29,90;;Set includes: Scoop neck bodystocking with hood. features opaque hosiery and is crotchless.  Material: 90% Nylon / 10% Spandex;PLUS;Queen Size;http://s23.postimg.org/47d4d31az/CATSUIT_MIDNIGHT_PROWLEr_QUEEN_SIZE_29_90.jpg
CHEEKY GIRL 3-PIECE SET,RED XXXL;€39,90;;"Cheeky Girl 3-Piece Suspender Set:   - Quarter cup bra
- Suspender
- Thong
. Color: red
Material: 90% polyamide 10% elasthan";XXXL ;Queen Size;http://s23.postimg.org/pegv13dy3/CHEEKY_GIRL_3_PIECE_SET_RED_XXXL_39_90.jpg
"CHEMISE ""LADY LEOPARD """;€49,90;;Cami suspender top with underwired cups and bra fastening to the back. Including matching G string. ;XL/XXL;Queen Size;http://s23.postimg.org/8vxpm0fvf/CHEMISE_LADY_LEOPARD_49_90.jpg
CHIFFON TOP WHITE DRESS, XXL;€34,90;;"Chiffon top white dress, XXL . Material : polyester + spandex

Color: As Shown

Size: XXL

O-neck and no sleeve.
";XXL ;Queen Size;http://s23.postimg.org/5ax8p1ly3/CHIFFON_TOP_WHITE_DRESS_XXL_34_90.jpg
"CORSET ""FIT ZIPPER""";€12,90;;"Black Corset with slimming effect.  Corset is plastic boned and do not have modesty panels.
Material: 100% polyester. 
Color: see the picture";L ;Queen Size;http://s23.postimg.org/6fvw85xsr/CORSET_FIT_ZIPPER_12_90.jpg
"CORSET ""NEW GRAY"" QUEEN SIZE";€24,90;;"Beautiful gray corset.  Comes with g-string.
Material: acrylic and spandex.";XXL/XXXL;Queen Size;http://s23.postimg.org/y5sh93mmz/CORSET_NEW_GRAY_QUEEN_SIZE_24_90.jpg
"CORSET ""SEXY BLACK"" QUEEN SIZE";€25,90;;Beautiful corset . Color: black Material: acrylic ja spandex;XL ;Queen Size;http://s23.postimg.org/vafe28imz/CORSET_SEXY_BLACK_QUEEN_SIZE_25_90.jpg
"CORSET AND SKIRT SET ""WHITE ICE"" QUEEN SIZE";€49,90;;"Corset and skirt set. Beatiful corset and skirt set. Corset ,comes with skirt ,g-string .
Color: white
Material: acrylic and spandex";XL ;Queen Size;http://s23.postimg.org/v3x3lek4b/CORSET_AND_SKIRT_SET_WHITE_ICE_QUEEN_SIZE_49_90.jpg
CUTE KITTY BLACK XXL/XXXL;€19,90;;"Sweet and seductive: this Cute Kitty crotchless body stocking with stretchy shoulder straps will certainly get your lover's approval!  Color: black
Material: 100% polyamide";XXL/XXXL;Queen Size;
CUTE KITTY RED XXL/XXXL;€19,90;;"Sweet and seductive: this Cute Kitty crotchless body stocking with stretchy shoulder straps will certainly get your lover's approval!  Color: red
Material: 100% polyamide";XXL/XXXL;Queen Size;http://s23.postimg.org/ahczdtq3f/CUTE_KITTY_RED_XXL_XXXL_19_90.jpg
"DRESS ""SLIM"" QUEEN SIZE";€79,90;;"A ribbed bodycon contour, the low cut square neck double-face shows your sexy collarbone and perfect shoulder line.   Short sleeves and the front full-length zip closure is convenient and good wearing.
Material: nylon and spandex.
Color: see the picture";XL ;Queen Size;http://s23.postimg.org/6wh3ulljv/DRESS_SLIM_QUEEN_SIZE_79_90.jpg
FISHNET PANTYHOSE - QUEEN SIZE;€11,90;;Fishnet pantyhose . Material: 100% nylon.;L/XL ;Queen Size;
FLIRTY KITTEN DRESS PLUS SIZE;€49,90;;FLIRTY KITTEN DRESS PLUS SIZE . Material: 85% polyester, 15% elastane;XL/XXL;Queen Size;http://s23.postimg.org/jexpb6ijf/FLIRTY_KITTEN_DRESS_PLUS_SIZE_49_90.jpg
GRACE IN LACE NIGHT ROBE, PURPLE XXL/XXXL;€36,90;;"Graceful sheer night robe.  Size: XXL/XXXL
Color: purple
Material: 100% polyamide";XXL/XXXL;Queen Size;http://s23.postimg.org/sdwyfp26z/GRACE_IN_LACE_NIGHT_ROBE_PURPLE_XXL_XXXL_36_90.jpg
HALTERNECK RIVET SHAPER CORSET;€39,90;;2PC. Matching g-string included. Finished in Black PVC Fabric, Halterneck Rivet Shaper Corset is bold, strong, and makes a real statement of intent. This simple black PVC corset could be an item of cyberpunk clothing, gothic club wear, or just lingerie for the eyes of just one person. Features: 10 polyester bones throughout Full metal busk 100% PVC and 100% cotton lining Improves posture Heavy lacing at the back Deep sweetheart cut  Material PVC Color black;S|M|L|XL|;Queen Size;http://s23.postimg.org/9gcqop93v/HALTERNECK_RIVET_SHAPER_CORSET_39_90.jpg
I HOLA GUAPA BLACK XXL/XXXL;€39,90;;"Bring the heat in this beautiful Hola Guapa set. The cami is made of a stretchy floral lace and has a delicate scalloped neckline, lace-up deep V front and full length sleeves.   Thong included.

Size: XXL/XXXL
Color: black
Material: 82% polyamide, 18% elasthan";XXL/XXXL;Queen Size;http://s23.postimg.org/47hpqtqor/I_HOLA_GUAPA_BLACK_XXL_XXXL_39_90.jpg
JEANS CORSET-SKIRT;€22,90;;Jeans Corset-skirt ;S|M|L|X|XXL;Queen Size;http://s23.postimg.org/805tkavkr/JEANS_CORSET_SKIRT_22_90.png
LA DOLCE VITA, PINK XXL/XXXL;€19,90;;"Sleeveless fishnet mini dress with solid stretch fabric centre section, neckline and hem. Fence net cleavage cut out detail. Adjustable shoulder straps.   Color: pink
Material: 92% polyamide 8% elasthan";XXL/XXXL;Queen Size;http://s23.postimg.org/iryslnlnf/LA_DOLCE_VITA_PINK_XXL_XXXL_19_90.jpg
LEOPARD BOW PANTIES XXL/XXXL;€19,90;;"Hipster brief with lace front and tulle back, decorated with a unique leopard print bow and lace ribbons. Color: as shown
Material: 90% polyamide, 10% elasthan";XXL/XXXL;Queen Size;http://s23.postimg.org/6haffbp0b/LEOPARD_BOW_PANTIES_XXL_XXXL_16_90.jpg
LONG TRANSPARENT BLACK BABYDOLL, XXL;€18,90;;"Long transparent black babydoll, XXL . Material: Polyester+Spandex'

Color: black";XXL ;Queen Size;http://s23.postimg.org/hi5kkch97/LONG_TRANSPARENT_BLACK_BABYDOLL_XXL_18_90.jpg
MANDY MYSTERY CATSUIT;€19,90;;"Black catsuit finished in a soft patterned lace fabric with plunging neckline.  Open crotch. Full foot.
100% polyamide.
";S/M| M/L ;Queen Size;http://s23.postimg.org/ujr9a75nf/MANDY_MYSTERY_CATSUIT_19_90.jpg
MANDY MYSTERY LINGERIE NET CATSUIT;€14,90;;Here, nothing is left to imagination. Provocatively crotchless and with great lateral peepholes. Narrow straps. With foot part. 100% polyamide. ;L/XL;Queen Size;http://s23.postimg.org/3pr5opqhn/MANDY_MYSTERY_LINGERIE_NET_CATSUIT_14_90.jpg
MAXI DRESS WITH LACE BACK AND FISHTAIL;€35,90;€29,90;Made from a stretch poly fabric, this Maxi Dress with Lace Back and Fishtail is comfortable and very friendly to your skin. The ankle-length design makes you become tall and elegant once slip in. Really a wonderful option to every sexy occasion such as soiree, evening party and big events etc. Material : 100% Polyester;XXL ;Queen Size;http://s23.postimg.org/69msite1n/MAXI_DRESS_WITH_LACE_BACK_AND_FISHTAIL_35_90.jpg
MESH PANTY;€9,90;;"A low-rise mesh thong.  Mesh panty with ruffle hem, back keyhole, contrast merrow edge, and satin bows. 
Material: acrylic + lace
Color: white
";XXXL ;Queen Size;http://s23.postimg.org/6oy2btzyz/MESH_PANTY_9_90.jpg
MODERN AND COMFY RUBBER CORSET;€49,90;;A modern version of the corsets of the nobility with the emphasis on comfort, this constructed waist nipper slims and trims to the max for a smooth look through your middle. Color: black Material: Polyester +Spandex;XS| M| L | XXL| XXXL;Queen Size;http://s23.postimg.org/i3z4u71p7/MODERN_AND_COMFY_RUBBER_CORSET_49_90.jpg
MUST MAXI-KLEIT, XXL;€34,90;;" Black Maxi Dress, XXL. Material : polyester+spandex

V-neck

Sleeveless

Color: black";XXL ;Queen Size;http://s23.postimg.org/82pp74z8b/MUST_MAXI_KLEIT_XXL_34_90.jpg
NAVY MINI DRESS, XXL;€34,90;;"Navy mini dress, XXL. Material : Polyester+Spandex

Color: navy blue
";XXL ;Queen Size;http://s23.postimg.org/pijv8ty6z/NAVY_MINI_DRESS_XXL_34_90.jpg
NETTY MESH OVERLAY MINI DRESS, XXL;€34,90;;"Netty Mesh Overlay Mini Dress, XXL. Material : 95%Polyester + 5%Spandex

Color: black

Size: XXL

O-neck

Short sleeves";XXL ;Queen Size;http://s23.postimg.org/75nvc0d3v/NETTY_MESH_OVERLAY_MINI_DRESS_XXL_34_90.jpg
PERFECT TUBE DRESS (XL/XXL);€45,90;;PERFECT TUBE DRESS . Color: black;XL/XXL;Queen Size;http://s23.postimg.org/vnfyzwfob/PERFECT_TUBE_DRESS_XL_XXL_45_90.jpg
PINK BABYDOLL WITH BOW TIE;€19,90;;Get the show started in this sheer stretch lace and mesh babydoll with front bow tie detail and included g string.  Material: lace;XXXL ;Queen Size;http://s23.postimg.org/jdwy98vh7/PINK_BABYDOLL_WITH_BOW_TIE_19_90.jpg
PINK EROTIC FOREPLAY LACE TEDDY, PLUS SIZE;€16,90;;Pink Erotic Foreplay Lace Teddy, plus size . Material: Polyester + Spandex;XXL ;Queen Size;http://s23.postimg.org/nvz91cbiz/PINK_EROTIC_FOREPLAY_LACE_TEDDY_PLUS_SIZE_16_90.jpg
PLUMP LADY BABYDOLL (XL,XXL);€26,90;;"Plump Lady Babydoll . Color: as shown
Size: XL/XXL";XL/XXL;Queen Size;http://s23.postimg.org/iactxaau3/PLUMP_LADY_BABYDOLL_XL_XXL_26_90.jpg
PLUS SIZE BLACK CORSET;€24,90;;Plus Size Black Corset . Material : 90% Polyester +10% Spandex;2XL|4XL|5XL|6XL;Queen Size;http://s23.postimg.org/fitk6ocbf/PLUS_SIZE_BLACK_CORSET_24_90.jpg
PLUS SIZE BLACK FLORAL LACE ROMPER;€34,90;;"Plus Size Black Floral Lace Romper . Material : polyester+spandex

Short sleeve

V-Neck

Color: black

Size: XXL";XXL ;Queen Size;http://s23.postimg.org/qjopbp4kb/PLUS_SIZE_BLACK_FLORAL_LACE_ROMPER_34_90.jpg
PLUS SIZE BLACK STRAPPY BACK MIDI DRESS;€24,90;;"Plus Size Black Strappy Back Midi Dress . Material : Polyester+Spandex

Color: as shown

Sleeveless

O-Neck
";2XL|3XL|4XL;Queen Size;http://s23.postimg.org/4yjmo37tn/PLUS_SIZE_BLACK_STRAPPY_BACK_MIDI_DRESS_24_90.jpg
PLUS SIZE STUNNING CORSET;€29,90;;Stunning Floral Tapestry Strapless Corset with gorgeous Venice trim, hook & eye front, waist cinching lace-up back, removable, adjustable garters. Comes with Thong Panty.  Material : Damask;XXL/XXXL;Queen Size;http://s23.postimg.org/6rrl9izbv/PLUS_SIZE_STUNNING_CORSET_29_90.jpg
PLUS SUURUSES ÕLLETIBI KOSTÜÜM;€49,90;;XXL suuruses seksikas kostüüm, mis sobib ka suurematele naisterahvastele ja miks ka mitte meestele. Vaata pilti! Materjal: 100% polüester;XXL ;Queen Size;http://s23.postimg.org/ch7ttu5i3/PLUS_SUURUSES_LLETIBI_KOST_M_49_90.jpg
PLUSS-SIZE BLACK BABYDOLL XXL;€24,90;;"For a well-planned night, this gown is very sexy to make your intimate lover cheer up for your alluring silhouette. Sexy mesh gown with lace detail waistline enhancing you a sexy curve, scalloped lace V-neck on both front and back, flirty split to the thigh and sexy thong matched.  Color black
Material : polyester + spandex";XXL ;Queen Size;http://s23.postimg.org/uu8f4efyz/PLUSS_SIZE_BLACK_BABYDOLL_XXL_24_90.jpg
PURPLE SATIN BABYDOLL;€25,90;;Satin dress with adjustable shoulder straps, round neckline and crossed detail to the back  Material: 100% polyester;L/XL| XXL/XXXL;Queen Size;http://s23.postimg.org/ixgsjxe1n/PURPLE_SATIN_BABYDOLL_25_90.jpg
RED BABYDOLL - QUEEN SIZE;€25,90;;Beautiful red babydoll.  Material: lace, net;XXL ;Queen Size;http://s23.postimg.org/n7vgfij4r/RED_BABYDOLL_QUEEN_SIZE_25_90.jpg
"RED LACE GARTERBELT ""AFFAIR""";€14,90;€11,90;"Lace affair garter belt with adjustable back and satin bow detail. Material: lace
Color: red";M| XXXL;Queen Size;http://s23.postimg.org/dkry5sq57/RED_LACE_GARTERBELT_AFFAIR_14_90.jpg
RED PLUS SIZE CORSET;€25,90;;"Red Plus Size Corset. Material : polyester+cotton+Elastan

Color: Red";3XL|4XL|5XL|6XL;Queen Size;http://s23.postimg.org/81peokt3v/RED_PLUS_SIZE_CORSET_25_90.jpg
RED SATIN BABYDOLL;€25,90;;Satin dress with adjustable shoulder straps, round neckline and crossed detail to the back.  Material: 100% polyester;XXL/XXXL;Queen Size;http://s23.postimg.org/lhcfe11ln/RED_SATIN_BABYDOLL_25_90.jpg
RHINESTONE EMBELLISHMENT BROCADE CORSET BLACK;€39,90;;"Lift-up and body-shaping. Sexy sweetheart bandeau with sparkling rhinestone applique bust line and ruffled lace trim. Front Stainless steel closure and adjustable strong cord lacing back. 14 double layer plastic bones. Color black
Material: 90% polyester, 10% spandex";S|M|L|X|XXL;Queen Size;http://s23.postimg.org/gy06sijq3/RHINESTONE_EMBELLISHMENT_BROCADE_CORSET_BLACK_39.jpg
SATIN FLORAL LACE CORSET;€29,90;;Satin floral lace corset with G-string. Fabricated by the premium satin with charming floral pattern all over the bodice. The build-in bonings accenting your advantages to show you a capativating S shape. You can wear it in bedroom for seduction or as the underneath below your evening dress. Material: Damask;S|M|L|X|XXL;Queen Size;http://s23.postimg.org/qjtr8tavv/SATIN_FLORAL_LACE_CORSET_29_90.jpg
SEAMLESS LUREX DRESS;€35,90;;Shimmer and sparkle like the star you are in this sexlicious little lurex mini dress!  Material: 82% nylon, 10% lurex, 8% spandex;XL ;Queen Size;http://s23.postimg.org/uivk5dowr/SEAMLESS_LUREX_DRESS_35_90.jpg
SEXY BELLY DANCE BRA;€19,90;;"Handmade with sequins belly dance bra.  Material: Acrylic + Spandex 
Colour: Gold";XXL ;Queen Size;http://s23.postimg.org/ji0f0cwnv/SEXY_BELLY_DANCE_BRA_19_90.jpg
SEXY CUT IT OUT MINI DRESS (XL/XXL);€48,90;;Sexy Cut it Out Mini Dress ;1XL| 2XL;Queen Size;http://s23.postimg.org/e95e2he8r/SEXY_CUT_IT_OUT_MINI_DRESS_XL_XXL_48_90.jpg
SEXY LONG DRESS - QUEEN SIZE;€25,90;;"Sexy long dress.  Material: acrylic, spandex.
";XXL ;Queen Size;http://s23.postimg.org/8two1imor/SEXY_LONG_DRESS_QUEEN_SIZE_25_90.jpg
SEXY SWEETHEART BABYDOLL RED;€32,90;;"Sexy Sweetheart Babydoll Set . Mesh babydoll with triangle-style cups and flared front, trimmed in satin and finished with satin bows. Comes with matching G-string.

Color: red
Material: 90% polyamid, 10% elasthan";L/XL/|XXL/XXXL;Queen Size;http://s23.postimg.org/msos08ml7/SEXY_SWEETHEART_BABYDOLL_RED_32_90.jpg
SHEER PANTYHOSE - QUEEN SIZE;€10,90;;"Sheer Pantyhose . Material: 100% nylon
Color: black";L/XL;Queen Size;http://s23.postimg.org/atd9sxh0b/SHEER_PANTYHOSE_QUEEN_SIZE_10_90.jpg
"STOCKINGS ""HOLD UPS"" QUEEN SIZE";€11,90;;"15den hold up stockings. Sheer black 15den hold up stockings with a red heel and back seam. 
100% polyamide.";PLUS;Queen Size;http://s23.postimg.org/f1821oifv/STOCKINGS_HOLD_UPS_QUEEN_SIZE_11_90.jpg
"SUSPENDER ""4EVER YOUNG""";€27,90;;"Crotchless suspender thong with lace waist band, ruffle detail and satin bow. Material: 85% Polyamide, 15% Elastane
Color: black
NB! Stockings not included!";S/M| L/XL;Queen Size;http://s23.postimg.org/riepoudln/SUSPENDER_4_EVER_YOUNG_27_90.jpg
SWEET SENORITA SET, XXXL;€42,90;;"Set includes:  - Top (adjustable straps, mesh panels, a ruffled hem and detachable garters)
- G-strings

Size: XXXL
Color: as shown
Material: 85% polyamide, 10% polyester, 5% elasthan";XXXL;Queen Size;http://s23.postimg.org/qu5v5wevv/SWEET_SENORITA_SET_XXXL_42_90.jpg
TAME ME STOCKING, XL/XXL;€19,90;;"Hold up stockings with zigzag pattern and wide, plain cuffs.  Color: black
Material: 85% polyamide, 15% elasthan";ONE;Queen Size;http://s23.postimg.org/4ji05xhln/TAME_ME_STOCKING_XL_XXL_19_90.jpg
TRENDY BLACK LACE OVERLAY MINIDRESS, XXL;€34,90;;"Trendy black lace overlay minidress, XXL . Material : polyester+spandex

Color: black

Size: XXL

O-neck

Short sleeves
";XXL ;Queen Size;http://s23.postimg.org/xd3awkggr/TRENDY_BLACK_LACE_OVERLAY_MINIDRESS_XXL_34_90.jpg
VANITY VAMP SET XXL/XXXL, RED;€36,90;;"Vamp it up in the bedroom! The naughty set has a lace halter bra with satin bow detailing. The very short mesh skirt with ruffled trim and lace waist band is sure to tease your lover's senses. Matching mesh G-string included. - Bra
- Skirt
- G-strings

Color: red
Material: 90% polyamide 10% elasthan
Size: XXL/XXXL";XXL/XXXL;Queen Size;http://s23.postimg.org/kkf6wn4uz/VANITY_VAMP_SET_XXL_XXXL_RED_36_90.jpg
"WAIST CORSET ""JUBILANT""";€25,90;;"The vertical stripes pattern makes you look slim and curvy in this striped waist training womens underbust corset. Material: 90% polyester, 10% spandex
Colour: Red";XL/XXL;Queen Size;http://s23.postimg.org/3z7kgzdqz/WAIST_CORSET_QUEEN_SIZE_24_90.jpg
WAIST CORSET, QUEEN SIZE;€24,90;;Waist corset ;XL ;Queen Size;http://s23.postimg.org/s489yoy1n/WAIST_CORSET_JUBILANT_25_90.jpg
WET LOOK BLACK DRESS, XXL;€29,90;;"Wet Look Black Dress, XXL . Color: black

Size: XXL (PluS Size)

Material : 100% Polyester";XXL ;Queen Size;http://s23.postimg.org/kcrk04twb/WET_LOOK_BLACK_DRESS_XXL_29_90.jpg
WHITE BURLESQUE PETRA OVERBUST FLOCK CORSET;€39,90;;"The White Burlesque Petra Overbust Flock Corset features an hourglass molded shape with a mild sweetheart neckline and feminine ruffled hemline finished. Charming floral panels with sueded overlay, the front saintless steel closure is good to dress up and down while the lace-up back offers you a flexible perfect fit. Color black-white design
Material : 90%polyester + 10%spandex";S|M|L|X|XXL;Queen Size;http://s23.postimg.org/x7zjmw95n/WHITE_BURLESQUE_PETRA_OVERBUST_FLOCK_CORSET_39_9.jpg
"WHITE LACE GARTER BELT ""AFFAIR""";€14,90;€11,90;"Lace affair garter belt with adjustable back and satin bow detail. Material: lace
Color: white";XXXL ;Queen Size;http://s23.postimg.org/fs5dl7a6z/WHITE_LACE_GARTER_BELT_AFFAIr_14_90.jpg
WHITE PLUS SIZE CORSET;€25,90;;"Red Plus Size Corset. Material : polyester+cotton+Elastan

Color: White";3XL|4XL|5XL|6XL;Queen Size;http://s23.postimg.org/6yeh43n8b/WHITE_PLUS_SIZE_CORSET_25_90.jpg
